1;Abus;Bordo Big 6000/120 Black SH;unique;45;9087;/;Abus;0;0;Y;actif;2;2020-10-29 11:44:57;2020-10-29 11:44:57
2;Contec;Trail X Noir;unique;899;1483;Couleur : Noir;Hartje;0;0;N;actif;7;2020-10-29 11:44:58;2020-10-29 11:44:58
3;Atlantic;;unique;0;0;;;0;0;N;actif;12;2020-10-29 11:44:58;2020-10-29 11:44:58
4;BASIL;Carry All Front Basket;unique;30;4958;Amovible et VR-HALTER KLICKFIX HANDLEBAR HOLDER, SCHWARZ nécessaire;Hartje;0;0;Y;actif;8;2020-10-29 11:44:58;2020-10-29 11:44:58
5;BASIL;Discovery 365D M;unique;215;3553;9 L;Hartje;0;0;Y;actif;1;2020-10-29 11:44:58;2020-10-29 11:44:58
563;Basil;Discovery 365D;unique;265;4379;20 L;Hartje;0;0;Y;actif;1;2022-02-16 09:27:30;2022-02-16 09:27:30
6;BASIL;B-Safe Backpack;unique;65;10743;"En nylon déperlant, compartiments antivol pour ordinateur portable 15,6 \\\"", iPad et chargeur, port USB, avec éclairage LED Nordlicht (sans pile), housse de pluie, éléments réfléchissants";Hartje;0;0;Y;actif;1;2020-10-29 11:44:58;2020-10-29 11:44:58
7;Basil;Flex;unique;25;4131;Possibilité de fixation pour LED, partie dorsale et bandoulière rembourrées, compartiment intérieur, compartiment avant avec fermeture à glissière, doublure, éléments réfléchissants;Hartje;0;0;Y;actif;1;2020-10-29 11:44:58;2020-10-29 11:44:58
8;Basil;VR-HALTER KLICKFIX HANDLEBAR HOLDER, SCHWARZ;unique;1125;186;/;Hartje;0;0;Y;actif;8;2020-10-29 11:44:58;2020-10-29 11:44:58
9;Basil;EINZELT. TOUR RECHTS SCHWARZ;unique;185;3322;/;Hartje;0;0;Y;actif;1;2020-10-29 11:44:58;2020-10-29 11:44:58
220;Moustache Bikes;QL3.1 ORTLIEB;unique;70;10661;                  ;Abus;2;3;Y;actif;1;2021-05-16 17:30:48;2021-05-16 17:30:48
12;Bosch;Standard Chargeur;unique;70;1084;/;Magura;2;4;N;actif;15;2020-10-29 11:44:58;2020-10-29 11:44:58
13;Abus;Bordo 6000/90 black SH ka;unique;4673;7723;Six tiges en acier pliables de 5mm d’épaisseur, reliées par des rivets spéciaux, se rabattent comme un mètre: voilà à quoi ressemble l’antivol pliable BORDO™ 6000. L’idée n’est pas nouvelle, les antivols de la famille BORDO™ d’ABUS sont devenus de vrais classiques, mais leur efficacité est inégalée. Conçus en acier spécialement trempé, les tiges et le boîtier présentent une résistance élevée, tandis que la technique pliable confère au BORDO™ 6000 un niveau élevé de flexibilité. Le cylindre ABUS Plus haut de gamme garantit aussi une protection élevée contre le crochetage. Une enveloppe souple à 2composants protège la peinture de votre vélo. La qualité «Made in Germany» de l’antivol pliable BORDO™ 6000 est reconnue dans le monde entier, entre autres par des instituts de test en Russie, au Danemark et en Grande-Bretagne.;Abus;0;0;N;actif;2;2020-10-29 11:44:58;2020-10-29 11:44:58
15;CONTEC;Tour Deluxe;unique;899;1649;Poignées ergonomiques;Hartje;0;0;Y;actif;7;2020-10-29 11:45:50;2020-10-29 11:45:50
152;Endura;Veste coupe vent thermique pro SL II Blue;S,M,L,XL;87;144;                  ;Endura;0;0;N;actif;4;2021-04-07 14:00:04;2021-04-07 14:00:04
153;Endura;Cuissard long a bretelles pro SL II Black;S,M,L,XL;84;140;                  ;Endura;0;0;N;actif;4;2021-04-07 14:02:44;2021-04-07 14:02:44
16;CONTEC;Tour Deluxe demi;unique;899;1649;Poignées ergonomiques pour changement de vitesses à poignée tournante;Hartje;0;0;Y;actif;7;2020-10-29 11:45:50;2020-10-29 11:45:50
150;Endura;Gants Humvee Lite Pacific Blue;unique;7;20;Femme;Endura;0;0;N;actif;34;2021-04-07 11:37:54;2021-04-07 11:37:54
151;Endura;PRO SL black;unique;99;165;-;Endura;0;0;N;actif;3;2021-04-07 13:57:03;2021-04-07 13:57:03
17;CONTEC;Classic Exclusive Mellow;unique;275;4541;Poignées en cuir;Hartje;0;0;Y;actif;7;2020-10-29 11:45:50;2020-10-29 11:45:50
149;Endura;Short Humvee lite Femme Pacific Blue;S,M,L,XL;37;61;    ;Endura;0;0;N;actif;4;2021-04-07 11:33:23;2021-04-07 11:33:23
18;CONTEC;Waterproof 24 black;unique;275;4541;Sac à dos Sac à dos imperméable 24l. Attention, pas d\\\\\\\'accroche pour porte bagage ;Hartje;0;0;Y;actif;1;2020-10-29 11:47:13;2020-10-29 11:47:13
148;Endura;Veste à Capuche Humvee Femme Pacific Blue;S,M,L,XL;62;103;    ;Endura;0;0;N;actif;4;2021-04-07 11:31:40;2021-04-07 11:31:40
134;Endura;Pantalon Single Track II Forest Green;S,M,L,XL;49;82;                  ;Endura;0;0;N;actif;4;2021-04-07 10:26:00;2021-04-07 10:26:00
135;Endura;Short MT500 Burner II Forest Green;S,M,L,XL;49;82;                  ;Endura;0;0;N;actif;4;2021-04-07 10:28:02;2021-04-07 10:28:02
20;Contec;CT GRIFF TRAIL X 135 MM, SCHWARZ;unique;899;1483;/;Hartje;0;0;N;actif;7;2020-10-29 11:47:50;2020-10-29 11:47:50
21;Contec;CT GRIFF ERGO+ 130 MM, SCHWARZ;unique;499;822;Poignées ergonomiques;Hartje;0;0;Y;actif;7;2020-10-29 11:47:50;2020-10-29 11:47:50
23;Contec;Spyder;unique;75;1236;/;Hartje;0;0;Y;actif;17;2020-10-29 11:47:50;2020-10-29 11:47:50
25;Contec;Clean Star;unique;399;657;/;Hartje;0;0;Y;actif;19;2020-10-29 11:47:50;2020-10-29 11:47:50
26;Contec;GOO++;unique;125;2062;/;Hartje;0;0;N;actif;20;2020-10-29 11:47:50;2020-10-29 11:47:50
27;Contec;BR-M shimano;unique;799;1322;-;Hartje;0;0;N;actif;21;2020-10-29 11:47:50;2020-10-29 11:47:50
278;Shimano;BL-MT200 1000mm;unique;2369;3553;                  ;Shimano;1;3;N;actif;58;2021-05-24 17:20:30;2021-05-24 17:20:30
279;Kool Stop;Avid guide-X0;unique;1659;2603;-;Hartje;0;0;Y;actif;21;2021-05-24 17:28:30;2021-05-24 17:28:30
28;Contec;eD.1+;unique;999;1649;Chaine mono vitesse;Hartje;0;0;N;actif;22;2020-10-29 11:47:50;2020-10-29 11:47:50
29;Contec;Tool 9;unique;65;107;/;Hartje;0;0;Y;actif;23;2020-10-29 11:47:50;2020-10-29 11:47:50
30;Contec;SC-303 QR 31.8 mm;unique;399;657;/;Hartje;0;0;N;actif;24;2020-10-29 11:47:50;2020-10-29 11:47:50
35;Elite;FLY 750 ML noir;unique;389;62;/;Hartje;2;3;Y;actif;28;2020-10-29 11:47:50;2020-10-29 11:47:50
36;Ergotec;Ladytown;unique;129;2057;Guidon courbe confortable pour ville et chemin;Hartje;0;0;Y;actif;29;2020-10-29 11:47:50;2020-10-29 11:47:50
37;Thule;Yepp Maxi Easyfit black;unique;109;14045;Convient pour Benno Boost E10;Hartje;1;2;Y;actif;11;2020-10-29 11:47:50;2020-10-29 11:47:50
38;Abus;Granit Plus 470/150HB230 + USH470;unique;3498;5781;grâce à la technologie PowerCellABUS, il offre une protection optimale contre les attaques par coups et traction. L’anse, le boîtier et les pièces de support du mécanisme de verrouillage sont fabriqués en acier spécialement trempé. ;Abus;3;8;Y;actif;2;2020-10-29 11:47:50;2020-10-29 11:47:50
39;Hamax;Siesta Gris;unique;665;9083;/;Hartje;0;0;Y;actif;11;2020-10-29 11:47:50;2020-10-29 11:47:50
40;Hartje;27.5\' - 1.9 : 2.25;unique;289;574;-;Hartje;5;10;Y;actif;16;2020-10-29 11:47:50;2020-10-29 11:47:50
41;Hartje;28\'\' 1.2-1.75;unique;239;5744;"Chambre à air Hartje 28\\\\\\\""";Hartje;10;15;N;actif;16;2020-10-29 11:47:50;2020-10-29 11:47:50
42;Abus;Hyban 2.0 titan;M,L;3748;6194;-;Abus;3;5;Y;actif;3;2020-10-29 11:47:50;2020-10-29 11:47:50
147;Endura;Gants Single Track Red;unique;17;29;Femme;Endura;0;0;N;actif;34;2021-04-07 11:27:27;2021-04-07 11:27:27
43;Abus;Hyban 2.0 polar white;M,L;3748;6194;-;Abus;1;2;Y;actif;3;2020-10-29 11:47:50;2020-10-29 11:47:50
145;Endura;Pantalon MT500 Burner Femme Paprika;S,M,L,XL;54;90;   ;Endura;0;0;N;actif;4;2021-04-07 11:08:56;2021-04-07 11:08:56
44;Invoxia;Bike Tracker;unique;90;12396;-;Invoxia;2;3;Y;actif;53;2020-10-29 11:47:50;2020-10-29 11:47:50
45;KMC;Mono vitesse Z1eHX;unique;1179;1756;/;Hartje;0;0;Y;actif;22;2020-10-29 11:47:50;2020-10-29 11:47:50
131;Endura;Urban-Luminite-II 3 en 1;S,M,L;999;16528;                  ;Endura;0;0;Y;actif;4;2021-04-06 22:25:46;2021-04-06 22:25:46
47;New Looxs;Varo Single;unique;4929;6607;Imperméable, avec fermeture par enroulage, crochets réglables en largeur, bandoulière amovible, 3 compartiments supplémentaires, logo réfléchissant sur 2 côtés;Hartje;0;0;Y;actif;1;2020-10-29 11:47:50;2020-10-29 11:47:50
48;Abus;Pedelec 2.0 velvet black;S,M,L;7998;13219;Casque pour speedpedelec ;Abus;0;0;Y;actif;3;2020-10-29 11:47:50;2020-10-29 11:47:50
142;Endura;Single track II black;unique;39;66;  -;Endura;0;0;N;actif;3;2021-04-07 10:59:14;2021-04-07 10:59:14
143;Endura;Vest Single Track II Femme Red;S,M,L,XL;74;123;   ;Endura;0;0;N;actif;4;2021-04-07 11:01:00;2021-04-07 11:01:00
49;Schwable;Marathon + 20 x 1,75;unique;225;3298;;;0;0;N;actif;32;2020-10-29 11:47:50;2020-10-29 11:47:50
50;Schwable;Big Apple;unique;1299;1975;;Hartje;0;0;N;actif;32;2020-10-29 11:47:50;2020-10-29 11:47:50
51;Schwable;Marathon + The Original;unique;225;3297;-;Hartje;0;0;N;actif;32;2020-10-29 11:47:50;2020-10-29 11:47:50
52;Schwable;Heng Shine Tire;unique;0;0;;;0;0;N;actif;32;2020-10-29 11:47:50;2020-10-29 11:47:50
53;Abus;Yadd-I streak blue;unique;18;5781;Donnez nous votre tour de tête en commentaire;Abus;0;0;Y;actif;3;2020-10-29 11:49:04;2020-10-29 11:49:04
139;Endura;Pantalon Single Track II Black;S,M,L,XL;49;82;                  ;Endura;0;0;Y;actif;4;2021-04-07 10:41:14;2021-04-07 10:41:14
140;Endura;Short Humvee Lite Black;S,M,L,XL;37;61;                  ;Endura;0;0;N;actif;4;2021-04-07 10:43:29;2021-04-07 10:43:29
54;Abus;Yadd-I streak white;unique;18;5781;Le système de réglage pratique «Soft Tune System» promet un maintien optimal ainsi qu’un port confortable et ne doit être réglé qu’une fois grâce à la bande élastique flexible. Ne perdez plus de temps à serrer et desserrer le système de réglage. Le casque peut ainsi être mis et enlevé aussi rapidement et simplement qu’une casquette de baseball. La Forced Air Cooling Technology conduit rapidement l’air via des canaux d’aération vers l’extérieur et assure ainsi une tête rafraîchie malgré la forme fermée du casque.;Abus;0;0;N;actif;3;2020-10-29 11:49:04;2020-10-29 11:49:04
55;Contec;Transit;unique;375;5781;25L                 ;Hartje;0;0;Y;actif;1;2020-11-06 15:08:57;2020-11-06 15:08:57
56;Abus;Urban - I 3.0 Core Green;unique;4498;7434;Donnez nous votre tour de tête en commentaire      ;Abus;0;0;Y;actif;3;2020-11-18 12:15:26;2020-11-18 12:15:26
137;Endura;MT500 navy;unique;79;132;                -  ;Endura;0;0;N;actif;3;2021-04-07 10:35:09;2021-04-07 10:35:09
59;Abus;Hubble 1.1;unique;1998;3302;                  ;Abus;0;0;N;actif;3;2020-11-24 08:28:44;2020-11-24 08:28:44
60;WOWOW;Wetland;unique;2249;3545;                  ;Hartje;0;0;N;actif;34;2020-11-24 08:35:21;2020-11-24 08:35:21
156;Endura;FS260 pro white;unique;59;99;-;Endura;0;0;N;actif;3;2021-04-07 14:11:47;2021-04-07 14:11:47
63;Supernova;E3 Pro 2;unique;10099;14463;                  /;Hartje;0;0;Y;actif;37;2020-11-24 12:14:54;2020-11-24 12:14:54
155;Endura;Mitaines FS260-PRO Aerogel Navy;unique;19;33;                  ;Endura;0;0;N;actif;34;2021-04-07 14:06:03;2021-04-07 14:06:03
66;Supernova;E3 Tail Light 2;unique;287;405;          /        ;Hartje;0;0;Y;actif;38;2020-11-24 12:24:17;2020-11-24 12:24:17
67;F-Lite;Thermo GPS;S,M,L;867;158;                  ;Hartje;1;2;Y;actif;34;2020-11-24 14:01:16;2020-11-24 14:01:16
128;XLC;SPD single;unique;225;3719;                  ;Accentry;1;2;0;actif;49;2021-03-30 14:46:06;2021-03-30 14:46:06
154;Endura;Cuissard a bretelle FS260-PRO Navy;S,M,L,XL;49;82;                  ;Endura;0;0;N;actif;4;2021-04-07 14:04:32;2021-04-07 14:04:32
127;XLC;SPD double;unique;225;3719;                  ;Accentry;1;2;0;actif;49;2021-03-30 14:44:37;2021-03-30 14:44:37
72;Benno;Utility Front Tray;unique;9421;14793;"Porte bagage avant, charge max 20 kg<br />
Pour vélos Benno uniquement   <br />
Disponible en noir ou rouge   ";Hartje;0;0;Y;actif;35;2020-12-07 10:07:16;2020-12-07 10:07:16
73;Benno;Dual Kickstand;unique;5737;9008;"Béquille double, augmente la stabilité à l\\\'arrêt<br /><br />
Uniquement pour vélos Benno";Hartje;0;0;Y;actif;46;2020-12-07 10:11:14;2020-12-07 10:11:14
74;Truvativ;Cring MTB 22T;unique;858;1652;Plateau 22 dents fixation 4 points;Hartje;0;0;N;actif;47;2020-12-12 17:52:00;2020-12-12 17:52:00
77;Truvativ;Cring MTB 36T;unique;1201;2314;Plateau 36 dents fixation 4 points;Hartje;0;0;N;actif;47;2020-12-12 18:01:01;2020-12-12 18:01:01
78;Sunrace;10v 11-42;unique;33;5454;Cassette 10v;Hartje;0;0;N;actif;48;2020-12-12 18:06:59;2020-12-12 18:06:59
79;Contec;eNHANCED Drive eD.10;unique;1399;2314;Chaine vélo électrique 10V - 136 maillons      ;Hartje;0;0;Y;actif;22;2020-12-12 18:13:20;2020-12-12 18:13:20
80;WoWoW;Ben Nevis;S,M,L,XL;3369;4957; Veste de pluie                 ;Hartje;0;0;Y;actif;4;2020-12-17 08:39:13;2020-12-17 08:39:13
81;Brave Classic;I Love My Bike;unique;699;1157;                  ;Hartje;0;0;N;actif;40;2020-12-17 08:51:05;2020-12-17 08:51:05
82;Abus;Hyban 2.0 signal silver;M;3748;6194;                  ;Abus;0;0;Y;actif;3;2020-12-17 09:14:08;2020-12-17 09:14:08
83;Hock;Rain Pants;S,M,L,XL;2659;4132;Surpantalon de pluie avec surchaussure intégrée                ;Hartje;0;0;Y;actif;4;2020-12-17 12:17:57;2020-12-17 12:17:57
84;Axa;Niteline 44-R;unique;1299;2066;                  ;Hartje;0;0;Y;actif;37;2020-12-17 12:29:23;2020-12-17 12:29:23
85;Basil;Soho Nordilicht black;unique;55;909;                  ;Hartje;0;0;Y;actif;1;2020-12-17 12:34:11;2020-12-17 12:34:11
86;Selle Royal;Lookin Moderate homme;unique;3099;4958;Selle gel super confort;Hartje;0;0;Y;actif;6;2021-01-18 21:59:59;2021-01-18 21:59:59
87;Contec;E-view deluxe;unique;1499;2477;Rétroviseur gauche;Hartje;0;0;Y;actif;41;2021-01-21 21:24:19;2021-01-21 21:24:19
88;Atran;Zap single AVS green;unique;3095;4958;Sacoche 25 L;Hartje;0;0;Y;actif;1;2021-01-21 21:28:10;2021-01-21 21:28:10
89;Atran;Zap single AVS grey;unique;3095;4958;Sacoche 25 L                  ;Hartje;0;0;Y;actif;1;2021-01-21 21:29:09;2021-01-21 21:29:09
90;Atran;Zap single AVS black;unique;3095;4958;Sacoche 25L;Hartje;0;0;Y;actif;1;2021-01-21 21:29:55;2021-01-21 21:29:55
91;Réduction;Réduction sacoche;unique;0;0;                  ;Hartje;0;0;N;actif;42;2021-02-06 15:26:45;2021-02-06 15:26:45
92;Ahooga;Vincita Denim Shopper;unique;2716;4706;                  ;Hartje;0;0;N;actif;1;2021-02-15 10:33:24;2021-02-15 10:33:24
93;Ahooga;Klickfix caddy for Stem;unique;1355;2301;Fixation de sacoche;Hartje;0;0;N;actif;1;2021-02-15 10:40:01;2021-02-15 10:40:01
94;Ahooga;Klickfix caddy for Stem;unique;1355;2301;Fixation de sacoche;Hartje;0;0;N;actif;1;2021-02-15 10:40:03;2021-02-15 10:40:03
95;Bosch;Powerpack 500 Wh;unique;43471;61983;                  ;Magura;0;0;Y;actif;43;2021-02-22 10:41:41;2021-02-22 10:41:41
96;Zéfal;Deflector RS75;unique;1309;209;"Attache universelle ajustable sur diamètre de 17 à 41 mm, réglage précis avec double orientation, pour largeur maximale des pneus : 2,6\\\\\\\""  ";Hartje;0;0;Y;actif;39;2021-02-25 18:26:28;2021-02-25 18:26:28
98;Zéfal;Deflector FM20;unique;879;1405;                  ;Hartje;0;0;Y;actif;39;2021-02-25 18:30:20;2021-02-25 18:30:20
99;Atran;Zap double AVS grey;unique;435;669;                  ;Hartje;0;0;Y;actif;1;2021-02-26 14:31:12;2021-02-26 14:31:12
100;Atran;Zap double AVS black;unique;435;669;                  ;Hartje;0;0;Y;actif;1;2021-02-26 14:33:31;2021-02-26 14:33:31
124;Atran;Metro 15 AVS;unique;385;6611;                  ;Hartje;0;0;Y;actif;1;2021-03-14 12:17:44;2021-03-14 12:17:44
102;Squirt;Lube 120 ml;unique;1373;1653;Lubrifiant cire pour chaine 120 ml               ;Bike component;0;0;Y;actif;12;2021-03-01 13:30:12;2021-03-01 13:30:12
126;Shimano;Pédales Plates Explorer PD-EF202 Argenté;unique;2066;2892;                  ;Shimano;0;0;Y;actif;49;2021-03-29 18:37:20;2021-03-29 18:37:20
123;Basil;Raincover sac et sacoche;unique;808;1322;                  ;Hartje;0;0;Y;actif;1;2021-03-14 12:15:05;2021-03-14 12:15:05
122;Basil;Soho Nordilicht Green;unique;555;909;                  ;Hartje;0;0;Y;actif;1;2021-03-14 11:58:34;2021-03-14 11:58:34
107;Benno;Utility Rear Rack #3 Plus;unique;22167;32975;Accessoire pour vélo Benno , porte bagage avec reposes pieds intégrés            ;Guru;0;0;Y;actif;44;2021-03-02 15:17:30;2021-03-02 15:17:30
108;Benno;Mini Sideloader Side Set;unique;8278;12314;Accessoire pour vélo Benno                  ;Guru;0;0;Y;actif;44;2021-03-02 15:34:05;2021-03-02 15:34:05
109;Benno;Mini Front Tray;unique;7167;10661;Accessoire pour vélo Benno;Guru;0;0;Y;actif;44;2021-03-02 16:22:29;2021-03-02 16:22:29
110;Benno;Front tray basket;unique;9389;13967;Accessoire pour vélo Benno;Guru;0;0;Y;actif;44;2021-03-02 16:24:49;2021-03-02 16:24:49
111;Benno;High Rail Plus;unique;7167;10661;Accessoire pour vélo Benno               ;Guru;0;0;Y;actif;44;2021-03-02 16:28:22;2021-03-02 16:28:22
112;Benno;Plateform Rail Plus;unique;4944;7353;                  ;Guru;0;0;N;actif;44;2021-03-02 16:34:14;2021-03-02 16:34:14
113;Benno;Half Rail Plus;unique;4944;7355;                  ;Guru;0;0;N;actif;44;2021-03-02 16:38:01;2021-03-02 16:38:01
114;Benno;Rail Clamp set Plus;unique;2167;3223;Accessoire pour vélo Benno                  ;Guru;0;0;Y;actif;44;2021-03-02 16:42:08;2021-03-02 16:42:08
115;Benno;Rail Pad;unique;1055;157;Accessoire pour vélo Benno                  ;Guru;0;0;Y;actif;44;2021-03-02 16:44:57;2021-03-02 16:44:57
116;Benno;Rack Pad;unique;2167;3223;                  ;Guru;0;0;N;actif;44;2021-03-02 16:48:32;2021-03-02 16:48:32
351;Shimano;PD-M540 - black;unique;4132;5785;Pédales automatiques ;Shimano;0;0;Y;actif;49;2021-06-29 14:58:01;2021-06-29 14:58:01
118;Benno;Trailer Adapter;unique;2167;3223;                  ;Guru;0;0;N;actif;45;2021-03-02 16:52:38;2021-03-02 16:52:38
119;Benno;XXL;unique;11055;16446;Accessoire pour vélo Benno                  ;Guru;0;0;Y;actif;1;2021-03-02 16:55:41;2021-03-02 16:55:41
120;Benno;Wheel Guard Set;unique;1055;157;                  ;Guru;0;0;Y;actif;44;2021-03-02 17:00:21;2021-03-02 17:00:21
121;Benno;Dual Sport Tire;unique;1667;2479;                  ;Guru;0;0;N;actif;32;2021-03-02 17:01:54;2021-03-02 17:01:54
146;Endura;Short MT500 Spray Femme Cocoa ;S,M,L,XL;49;82;    ;Endura;0;0;N;actif;4;2021-04-07 11:23:31;2021-04-07 11:23:31
144;Endura;Pantalon MT500 Spray II Femme Black;S,M,L,XL;69;115;   ;Endura;0;0;N;actif;4;2021-04-07 11:05:07;2021-04-07 11:05:07
141;Endura;Gand Single Track Navy;unique;12;29;                  ;Endura;0;0;N;actif;34;2021-04-07 10:45:33;2021-04-07 10:45:33
138;Endura;Veste Soft Shell II Azure Blue;S,M,L,XL;64;107;                  ;Endura;0;0;N;actif;4;2021-04-07 10:36:54;2021-04-07 10:36:54
136;Endura;Gants Humvee Plus II Khaki;unique;14;24;                  ;Endura;0;0;N;actif;34;2021-04-07 10:30:10;2021-04-07 10:30:10
130;Supernova;V521s HBM;unique;9333;12941;                  ;Magura;0;0;Y;actif;37;2021-04-06 22:18:26;2021-04-06 22:18:26
133;Endura;Veste Soft-shell Single Track II Forest Green;S,M,L,XL;45;107;                  ;Endura;0;0;N;actif;4;2021-04-07 10:24:09;2021-04-07 10:24:09
132;Endura;Single track II white;unique;39;66;-               ;Endura;0;0;N;actif;3;2021-04-07 10:20:43;2021-04-07 10:20:43
157;Endura;Veste imperméable pro SL Black;S,M,L,XL;99;165;                  ;Endura;0;0;N;actif;4;2021-04-07 14:15:22;2021-04-07 14:15:22
158;Endura;Cuissard a bretelle FS260-PRO Black;S,M,L,XL;49;82;                  ;Endura;0;0;N;actif;4;2021-04-07 14:17:49;2021-04-07 14:17:49
159;Endura;Mitaines FS260-PRO Aerogel Black;S,M,L,XL;19;33;                  ;Endura;0;0;N;actif;4;2021-04-07 14:19:40;2021-04-07 14:19:40
160;Endura;Mitaines FS260-PRO Aerogel Black;S,M,L,XL;19;33;                  ;Endura;0;0;N;actif;4;2021-04-07 14:19:41;2021-04-07 14:19:41
161;Endura;Veste Pakajak Femme Corail;S,M,L,XL;24;41;   ;Endura;0;0;N;actif;4;2021-04-07 14:30:26;2021-04-07 14:30:26
162;Endura;Cuissard FS260-PRO II Femme Lie de vin;S,M,L,XL;54;90;                  ;Endura;0;0;N;actif;4;2021-04-07 14:36:03;2021-04-07 14:36:03
163;Endura;Gants FS260-Pro aerogel II Red;unique;13;33;femme;Endura;0;0;N;actif;34;2021-04-07 14:40:28;2021-04-07 14:40:28
164;Endura;Veste windchill II femme Pacific Blue;S,M,L,XL;59;99;    ;Endura;0;0;N;actif;4;2021-04-07 14:44:25;2021-04-07 14:44:25
165;Endura;Cuissard à bretelle FS260-PRO Femme Pacific blue;S,M,L,XL;54;90;                    ;Endura;0;0;N;actif;4;2021-04-07 14:46:51;2021-04-07 14:46:51
166;Endura;Gants Strike Black;unique;22;37;Femme;Endura;0;0;N;actif;34;2021-04-07 14:50:24;2021-04-07 14:50:24
167;Endura;Luminite Urbain yellow;S/M,M/L,L/XL;424;7023;-;Endura;0;0;Y;actif;3;2021-04-07 14:55:57;2021-04-07 14:55:57
168;Endura;Pantalon Urbain Luminite waterproof II;S,M,L,XL;59;99;                  ;Endura;0;0;Y;actif;4;2021-04-07 14:57:43;2021-04-07 14:57:43
169;Endura;Gants strike Jaune Neon;unique;22;37;                  ;Endura;0;0;N;actif;34;2021-04-07 14:59:05;2021-04-07 14:59:05
170;Endura;Speed pedelec Gris;unique;87;144;-;Endura;0;0;N;actif;3;2021-04-07 15:00:27;2021-04-07 15:00:27
171;Endura;Veste 3 en 1 urban luminite II Jaune Néon;S,M,L,XL;999;16528;                  ;Endura;0;0;Y;actif;4;2021-04-07 15:02:03;2021-04-07 15:02:03
172;Endura;Gants Windchill Jaune néon;unique;19;33;                  ;Endura;0;0;N;actif;34;2021-04-07 15:05:23;2021-04-07 15:05:23
173;Endura;Veste urban luminite II femme Pacific Blue ;S,M,L,XL;64;107;                  ;Endura;0;0;N;actif;4;2021-04-07 15:08:22;2021-04-07 15:08:22
174;Endura;Gants deluge;unique;29;49;                  ;Endura;0;0;N;actif;34;2021-04-07 15:10:29;2021-04-07 15:10:29
175;Endura;Veste urban luminite femme Jaune Néon;S,M,L,XL;64;107;                  ;Endura;0;0;N;actif;4;2021-04-07 15:12:14;2021-04-07 15:12:14
176;Endura;Gants deluge Jaune Néon;unique;29;49;                  ;Endura;0;0;N;actif;34;2021-04-07 15:13:41;2021-04-07 15:13:41
177;Benno;Utility pannier Bag;unique;6305;9008;                  ;Guru;0;0;Y;actif;1;2021-04-09 14:32:57;2021-04-09 14:32:57
178;Benno;Utility front tray bag;unique;5727;8181;                  ;Guru;0;0;Y;actif;1;2021-04-09 14:34:13;2021-04-09 14:34:13
179;Black Bearing;608;unique;212;424;                  8x22x7;Bike2Be;0;0;N;actif;50;2021-04-16 11:28:53;2021-04-16 11:28:53
180;Black Bearing;608;unique;212;424;                  8x22x7;Bike2Be;0;0;N;actif;50;2021-04-16 11:31:37;2021-04-16 11:31:37
181;Black Bearing;688;unique;504;1008;                  8x16x5;Bike2Be;0;0;N;actif;50;2021-04-16 11:40:04;2021-04-16 11:40:04
182;Black Bearing;698;unique;313;626;                  8x19x6;Bike2Be;0;0;N;actif;50;2021-04-16 11:49:32;2021-04-16 11:49:32
183;Black Bearing;6000;unique;303;606;                  10x26x8;Bike2Be;0;0;N;actif;50;2021-04-16 11:58:46;2021-04-16 11:58:46
184;Black Bearing;6001;unique;323;646;                  12x21x5;Bike2Be;0;0;N;actif;50;2021-04-16 12:07:45;2021-04-16 12:07:45
185;Black Bearing;6800;unique;393;786;                  10x19x5;Bike2Be;0;0;N;actif;30;2021-04-16 12:21:51;2021-04-16 12:21:51
186;Black Bearing;6801;unique;534;1068;                  12x21x5;Bike2Be;0;0;N;actif;50;2021-04-16 12:24:00;2021-04-16 12:24:00
187;Black Bearing;6802;unique;555;111;                  15x24x5;Bike2Be;0;0;N;actif;50;2021-04-16 12:26:47;2021-04-16 12:26:47
188;Black Bearing;6803;unique;625;125;    17x26x5              ;Bike2Be;0;0;N;actif;50;2021-04-16 12:29:02;2021-04-16 12:29:02
189;Black Bearing;6804;unique;716;1432;                  20x32x7;Bike2Be;0;0;N;actif;50;2021-04-16 13:48:31;2021-04-16 13:48:31
190;Black Bearing;6805;unique;604;1208;                  25x37x7;Bike2Be;0;0;N;actif;50;2021-04-16 13:50:44;2021-04-16 13:50:44
191;Black Bearing;6806;unique;118;236;                30x42x7  ;Bike2Be;0;0;N;actif;50;2021-04-16 13:53:02;2021-04-16 13:53:02
192;Black Bearing;6900;unique;524;1048;      15x26x7            ;Bike2Be;0;0;N;actif;50;2021-04-16 13:54:55;2021-04-16 13:54:55
193;Black Bearing;6901;unique;524;1048;                  12x24x6 ;Bike2Be;0;0;N;actif;50;2021-04-16 13:56:58;2021-04-16 13:56:58
194;Black Bearing;6902;unique;514;1028;                  15x28x7;Bike2Be;0;0;N;actif;50;2021-04-16 14:05:49;2021-04-16 14:05:49
195;Black Bearing;6903;unique;595;935;          17x30x7        ;Bike2Be;0;0;N;actif;50;2021-04-16 14:09:18;2021-04-16 14:09:18
196;Abus;Bordo granit Xplus 6500;unique;7498;13219;ART **;Abus;2;4;Y;actif;2;2021-04-19 11:28:44;2021-04-19 11:28:44
197;Shimano;IC300;unique;7162;10743;               Chaussure Femme, Noire, Pointure : 40;Abus;0;0;0;actif;51;2021-04-20 10:01:28;2021-04-20 10:01:28
198;Shimano;SM-RT54 160mm;unique;826;1404;          Avec fixation        ;Shimano;1;3;N;actif;33;2021-04-20 10:33:34;2021-04-20 10:33:34
392;Manutan;Arceau noir 685 mm;unique;6101;125;"Largeur hors tout (mm)	100 mm<br />
Longueur hors tout (mm)	390 mm<br />
Hauteur hors tout (mm)	685 mm<br />
Nb de places	<br />
Matériau	Acier<br />
Tube Ø (mm)	38 mm<br />
Poids (kg)	4.1 kg";Manutan;0;0;Y;actif;64;2021-08-04 09:04:36;2021-08-04 09:04:36
200;Abus;Hyban Centium;L;215;826;                  ;Abus;0;0;Y;actif;3;2021-05-03 20:45:30;2021-05-03 20:45:30
201;Thule;Smartphone bike mount;unique;187;2888;                  ;Hartje;2;3;Y;actif;17;2021-05-11 14:57:27;2021-05-11 14:57:27
202;Brave;Mach Superthin CNC;unique;3219;5206;                  ;Hartje;0;0;Y;actif;49;2021-05-11 16:26:41;2021-05-11 16:26:41
203;Shimano;10 v - CN-HG54;unique;1312;223;-;Shimano;3;7;Y;actif;22;2021-05-11 17:14:31;2021-05-11 17:14:31
204;Shimano;11V (11-40) XT CS-M8000;unique;6493;909;                  ;Shimano;0;0;N;actif;48;2021-05-12 10:35:40;2021-05-12 10:35:40
205;Atera;Genio pro;unique;4399;58814;prévu pour 2 vélos électriques             ;Hartje;0;0;Y;actif;54;2021-05-14 16:42:57;2021-05-14 16:42:57
207;Abus;Hyban 2.0 black velvet;M,L;3748;6194;                  ;Abus;5;7;Y;actif;3;2021-05-16 16:21:32;2021-05-16 16:21:32
209;Abus;Pedelec 2.0 Silver;S,M,L;7998;13219;                  ;Abus;0;0;Y;actif;3;2021-05-16 16:37:43;2021-05-16 16:37:43
385;Monkeys sauce;Wax dry lub 150ml;unique;495;999;-;Bike2Be;2;6;N;actif;12;2021-08-04 07:42:00;2021-08-04 07:42:00
211;Endura;MT500 black;S/M,M/L;799;13219; ;Endura;0;0;Y;actif;3;2021-05-16 16:46:46;2021-05-16 16:46:46
216;Endura;Luminite black;S/M,M/L;424;7023;                  ;Endura;0;0;Y;actif;3;2021-05-16 17:00:33;2021-05-16 17:00:33
213;Endura;MT500 green;S/M,M/L;799;13219;                  ;Endura;0;0;Y;actif;3;2021-05-16 16:49:26;2021-05-16 16:49:26
384;Acial;Colonne 5 casiers avec recharge;unique;500;700;Colonne de 400mm de large sur socle. Installation de prise de recharge par KAMEO;Manutan;0;0;Y;actif;64;2021-08-03 22:28:36;2021-08-03 22:28:36
217;Abus;Montrailer MIPS midnight blue;L;7998;13219;                  ;Abus;0;0;Y;actif;3;2021-05-16 17:07:08;2021-05-16 17:07:08
218;Abus;Stormchaser olive;L;7498;12392;                  ;Abus;0;0;Y;actif;3;2021-05-16 17:09:56;2021-05-16 17:09:56
219;Abus;Hyban 2.0 core blue;L;3748;6194;                  ;Abus;1;2;Y;actif;3;2021-05-16 17:12:49;2021-05-16 17:12:49
221;Qibbel;Air Maxi;unique;544;7661;Siège enfant pour vélo Ahooga Modular ;Ahooga;0;0;Y;actif;11;2021-05-18 16:10:30;2021-05-18 16:10:30
222;Raceface;Chester Black;unique;3876;70;                  ;LMC Sport;0;0;N;actif;49;2021-05-19 14:16:06;2021-05-19 14:16:06
223;Fox;Mud Guard, MY21 36-38;unique;1686;30;                  ;LMC Sport;0;0;N;actif;39;2021-05-19 16:10:38;2021-05-19 16:10:38
224;Shimano;Patins Vbrake M70T4;unique;464;743;                  ;Shimano;0;0;Y;actif;21;2021-05-20 16:24:58;2021-05-20 16:24:58
225;Sram;12 V (11-50) PG-1230;unique;5849;9091;Compatible avec Shimano;Hartje;0;0;Y;actif;48;2021-05-21 09:47:37;2021-05-21 09:47:37
226;Conway;Patte de dérailleur Conway Cairon;unique;495;826;                  ;Hartje;0;0;Y;actif;56;2021-05-21 10:11:39;2021-05-21 10:11:39
227;Conway;Patte de dérailleur WME CARBON/XYRON 2020;unique;895;157;-;Hartje;0;0;Y;actif;56;2021-05-21 13:07:30;2021-05-21 13:07:30
228;Qibbel;Siège 6-10 ans pour Ahooga;unique;3929;5533;Jusqu\\\\\\\'à 35 kg              ;Ahooga;0;0;Y;actif;11;2021-05-23 14:22:04;2021-05-23 14:22:04
229;Ahooga;Mini guidon;unique;3395;5785;-;Ahooga;0;0;Y;actif;11;2021-05-23 14:24:26;2021-05-23 14:24:26
230;Victoria;Patte de dérailleur Victoria;unique;1995;3301;-  ;Hartje;0;0;Y;actif;56;2021-05-23 15:30:18;2021-05-23 15:30:18
231;Moustache Bikes;Béquille semi rigide;unique;119;1975;-             ;Moustache;0;0;Y;actif;46;2021-05-23 15:41:11;2021-05-23 15:41:11
232;Monckey\\\'s sauce;Bicycle shampoo;unique;65;1074;                  ;Bike2Be;0;0;Y;actif;19;2021-05-23 16:13:18;2021-05-23 16:13:18
233;Monckey\\\'s sauce;Liquide Tubeless 1L;unique;15;2479;                  ;Bike2Be;0;0;Y;actif;27;2021-05-23 16:18:50;2021-05-23 16:18:50
234;Monckey\\\'s sauce;Bike Shine;unique;745;1231;                  ;Bike2Be;0;0;Y;actif;19;2021-05-23 16:31:06;2021-05-23 16:31:06
235;Monckey\\\'s sauce;Foam nettoyant moussant;unique;646;1067;                  ;Bike2Be;0;0;Y;actif;19;2021-05-23 16:35:19;2021-05-23 16:35:19
236;Monckey\\\'s sauce;Bicycle Waterless Shampoo 1L;unique;698;1154;                  ;Bike2Be;0;0;Y;actif;19;2021-05-23 16:39:31;2021-05-23 16:39:31
237;Endura;Luminite urbain blue;S/M,M/L;424;7023;                  ;Endura;0;0;Y;actif;3;2021-05-23 16:58:06;2021-05-23 16:58:06
393;Connex;Chaine Connex 808 114 maillons 6-7-8v;unique;102;223;-;Hartje;0;0;N;actif;22;2021-08-05 07:37:49;2021-08-05 07:37:49
239;Benno;Rail Clamp Set;unique;2167;3223;                  ;Benno;0;0;N;actif;44;2021-05-23 17:44:15;2021-05-23 17:44:15
240;Contec;SC-303 QR 28.6 mm;unique;399;66;                  ;Hartje;0;0;N;actif;24;2021-05-23 18:02:44;2021-05-23 18:02:44
241;Contec;SC-303 QR 34.9 mm;unique;399;66;                  ;Hartje;0;0;N;actif;24;2021-05-23 18:04:17;2021-05-23 18:04:17
242;Hartje;28\'\' 1.75-2.35;unique;269;5744;"Chambre à air 28\""";Hartje;0;0;N;actif;16;2021-05-23 18:06:34;2021-05-23 18:06:34
243;Effetto Mariposa;Caffe Latex 250 ml;unique;915;107;-         ;Hartje;0;0;Y;actif;27;2021-05-24 11:08:13;2021-05-24 11:08:13
244;Contec;Clip R;unique;999;1653;Set de 72 pièces     ;Hartje;0;0;Y;actif;52;2021-05-24 11:11:37;2021-05-24 11:11:37
420;Contec;"rétroviseur \""E-View XS\""";unique;8;1483;_;Hartje;0;0;N;actif;41;2021-09-16 10:29:48;2021-09-16 10:29:48
246;Cyclon;Foam cleaner;unique;469;702;-                  ;Hartje;0;0;Y;actif;19;2021-05-24 12:12:19;2021-05-24 12:12:19
247;Selle royal;Lookin Moderate femme;unique;3199;4958;-;Hartje;0;0;Y;actif;6;2021-05-24 12:27:17;2021-05-24 12:27:17
248;Selle Royal;Lookin Moderate 3D femme;unique;355;5785;                  ;Hartje;0;0;Y;actif;6;2021-05-24 12:30:39;2021-05-24 12:30:39
249;Schwalbe;Nobby Nic EVO line 27.5 x 2.35;unique;3598;4958;                  ;Hartje;0;1;Y;actif;32;2021-05-24 12:38:52;2021-05-24 12:38:52
250;Schwalbe;Hans Dampf Addix soft flanc beige 27.5 x 2.6;unique;3804;5372;-;Hartje;0;0;Y;actif;32;2021-05-24 12:44:38;2021-05-24 12:44:38
251;Brooks;B17 brun;unique;60;9917;-;Bike component;0;0;Y;actif;6;2021-05-24 12:51:47;2021-05-24 12:51:47
252;Brooks;Poignée cuir brun 130 mm;unique;30;4958;-;Bike component;0;0;Y;actif;7;2021-05-24 12:54:17;2021-05-24 12:54:17
253;Basil;Poncho Hoga noir;unique;295;4876;                  ;Accentry;0;0;Y;actif;4;2021-05-24 13:23:28;2021-05-24 13:23:28
254;Basil;Pantalon de pluie noir;S,M,L,XL;275;4545;-;Accentry;0;0;Y;actif;4;2021-05-24 13:29:08;2021-05-24 13:29:08
255;Basil;Jacket Hoga olive;S,M,L,XL;35;5785;-               ;Accentry;0;0;Y;actif;4;2021-05-24 13:37:28;2021-05-24 13:37:28
256;Basil;Parka men olive;S,M,L,XL;55;9091;-;Accentry;0;0;Y;actif;4;2021-05-24 14:37:30;2021-05-24 14:37:30
257;Shimano;9v (11-36) CS-HG201;unique;1166;1983;                  ;Shimano;3;7;Y;actif;48;2021-05-24 14:57:34;2021-05-24 14:57:34
258;Shimano;8V (11-32) Acera CS-HG41-8;unique;1069;1818;                  ;Shimano;0;0;Y;actif;48;2021-05-24 15:01:43;2021-05-24 15:01:43
259;Abus;Granit XPlus 540/160HB230 + EaZy KF;unique;62;10326;                  ;Abus;0;0;Y;actif;2;2021-05-24 15:26:07;2021-05-24 15:26:07
260;Shimano;11V CN-HG601-11;unique;1847;314;                  ;Shimano;0;0;Y;actif;22;2021-05-24 15:43:03;2021-05-24 15:43:03
261;Shimano;12V CN-M8100;unique;2774;3884;                  ;Shimano;0;0;Y;actif;22;2021-05-24 15:49:39;2021-05-24 15:49:39
262;Galfer;FD293G1053 DEORE BR-M;unique;71;1232;                  ;Bike2Be;10;15;N;actif;21;2021-05-24 15:51:54;2021-05-24 15:51:54
263;Galfer;FD426G1053 SHIMANO SAINT ZEE;unique;71;1232;                  ;Bike2Be;5;8;N;actif;21;2021-05-24 15:54:19;2021-05-24 15:54:19
264;Galfer;FD452G1053 XTR DEORE XT BR-M785;unique;71;1232;                  ;Bike2Be;10;15;N;actif;21;2021-05-24 15:56:01;2021-05-24 15:56:01
265;Shimano;34T SM-CRE80;unique;2221;3553;       ;Shimano;0;0;Y;actif;47;2021-05-24 16:00:04;2021-05-24 16:00:04
266;Sram;Attache rapide 12 V rainbow;unique;766;1405;                  ;Hartje;0;0;Y;actif;22;2021-05-24 16:13:34;2021-05-24 16:13:34
267;Sram;Attache rapide 11V;unique;766;1405;-;Hartje;0;0;Y;actif;22;2021-05-24 16:18:51;2021-05-24 16:18:51
268;Hartje;"26\"" x 1.75-2.25";unique;239;574;                  ;Hartje;0;0;N;actif;16;2021-05-24 16:20:10;2021-05-24 16:20:10
269;KMC;Attache rapide 10V;unique;569;743;-;Hartje;0;0;Y;actif;22;2021-05-24 16:26:20;2021-05-24 16:26:20
270;KMC;Attache rapide 7-8V;unique;119;248;                  ;Hartje;0;0;Y;actif;22;2021-05-24 16:32:16;2021-05-24 16:32:16
271;COBI;Câble de charge Micro USB - Lightning COBI.Bike;unique;666;832;                  ;Abus;0;0;N;actif;57;2021-05-24 16:43:23;2021-05-24 16:43:23
272;Bosch;Support d écran Intuvia, câble 1500 mm;unique;2179;3353;                  ;Magura;1;2;N;actif;57;2021-05-24 16:46:51;2021-05-24 16:46:51
273;Continental;"20\"" 1.2-1.75";unique;329;653;-;Hartje;0;0;Y;actif;16;2021-05-24 16:47:37;2021-05-24 16:47:37
274;Shimano;SM-RT26 160mm;unique;583;991;                  ;Shimano;0;0;N;actif;33;2021-05-24 16:59:48;2021-05-24 16:59:48
275;Magura;7C;unique;775;1322;-                  ;Abus;0;0;Y;actif;21;2021-05-24 17:06:27;2021-05-24 17:06:27
276;Shimano;SM-RT54 180mm;unique;9;1652;                  ;Shimano;0;0;N;actif;33;2021-05-24 17:11:33;2021-05-24 17:11:33
277;Shimano;BR-MT200 1700mm;unique;2369;3583;                  ;Shimano;1;3;N;actif;58;2021-05-24 17:18:58;2021-05-24 17:18:58
280;Zefal;WIIZ Bidon noir;unique;25;492;                  ;Accentry;0;0;N;actif;28;2021-05-24 17:33:45;2021-05-24 17:33:45
281;Continental;"28\"" 1.5-1.75";unique;285;7396;                  ;Accentry;5;10;N;actif;16;2021-05-24 17:43:46;2021-05-24 17:43:46
282;Jagwire;Mountain Brake Cable - Slick Galvanized - 1.5x2000;unique;75;412;                  ;Now Company;25;50;N;actif;61;2021-05-25 11:19:32;2021-05-25 11:19:32
283;Jagwire;Road Brake Cable - Slick Galvanized - 1.5x2000mm;unique;76;412;                  ;Now Company;25;50;N;actif;61;2021-05-25 11:23:09;2021-05-25 11:23:09
284;Shimano;Cable Dérailleur 2100Mm inox;unique;137;577;                  ;Shimano;0;0;N;actif;61;2021-05-25 11:32:46;2021-05-25 11:32:46
285;Campagnolo;Cable dérailleur Campagnolo 2000mm;unique;35;577;                  ;Accentry;0;0;N;actif;61;2021-05-25 11:39:58;2021-05-25 11:39:58
286;Jagwire;Gaine dérailleur 4mm LEX-SL Slick-Lube 1m;unique;115;405;                  ;Now Company;0;0;N;actif;61;2021-05-25 11:49:22;2021-05-25 11:49:22
287;Shimano;Gaine frein SLR 1m;unique;134;412;                  ;Shimano;0;0;N;actif;61;2021-05-25 11:54:50;2021-05-25 11:54:50
288;Cojoint;R368;unique;3;82;                  Joint Oring AIR fourche RockShox;Abus;0;0;N;actif;62;2021-05-25 12:13:15;2021-05-25 12:13:15
289;Cojoint;R535;unique;3;82;                  Joint O-ring air fourche RockShox;Abus;0;0;N;actif;62;2021-05-25 12:15:40;2021-05-25 12:15:40
310;Spanninga;Pixeo;unique;589;905;                  ;Hartje;0;0;N;actif;38;2021-05-26 10:26:50;2021-05-26 10:26:50
309;Axa;Blueline;unique;699;107;                  ;Hartje;0;0;N;actif;38;2021-05-26 10:15:37;2021-05-26 10:15:37
292;Sapim;Rayon coudé 2.34mm;unique;22;49;                  ;Accentry;0;0;N;actif;63;2021-05-25 12:32:58;2021-05-25 12:32:58
293;Black Bearing;6800;unique;393;786;     10 x 19 x 5 mm             ;Bike2Be;0;0;N;actif;50;2021-05-25 14:47:04;2021-05-25 14:47:04
294;Black Bearing;698;unique;313;626;   6 x 19 x 6 mm               ;Bike2Be;0;0;N;actif;50;2021-05-25 14:49:31;2021-05-25 14:49:31
295;Black Bearing;R6;unique;373;746;     9.53 x 22.23 x 7.14 mm             ;Bike2Be;0;0;N;actif;50;2021-05-25 14:52:08;2021-05-25 14:52:08
296;Black Bearing;15267;unique;413;826;                  15 x 26 x 7 mm;Bike2Be;0;0;N;actif;50;2021-05-25 14:54:56;2021-05-25 14:54:56
297;Black Bearing;15268;unique;413;826;      15 x 26 x 8 mm            ;Bike2Be;0;0;N;actif;50;2021-05-25 15:07:01;2021-05-25 15:07:01
298;Black Bearing;17287;unique;459;918;                  17 x 28 x 7 mm;Bike2Be;0;0;N;actif;50;2021-05-25 15:09:11;2021-05-25 15:09:11
299;Black Bearing;18307;unique;479;958;              18 x 30 x 7 mm    ;Bike2Be;0;0;N;actif;50;2021-05-25 15:11:33;2021-05-25 15:11:33
300;Black Bearing;2437;unique;398;796;                  24 x 37 x 7 mm;Bike2Be;0;0;N;actif;50;2021-05-25 15:14:17;2021-05-25 15:14:17
301;Black Bearing;6710;unique;1513;3026;                  ;Bike2Be;0;0;N;actif;50;2021-05-25 15:15:46;2021-05-25 15:15:46
302;Black Bearing;63800;unique;605;121;                  10 x 19 x 7 mm;Bike2Be;0;0;N;actif;50;2021-05-25 15:17:29;2021-05-25 15:17:29
303;Bosch;Couvercle prise de chargement PowerTube;unique;107;164;                  ;Magura;0;0;N;actif;57;2021-05-25 15:49:45;2021-05-25 15:49:45
304;Contec;Air Support Sport;unique;175;3302;                  ;Hartje;0;0;Y;actif;18;2021-05-25 16:04:37;2021-05-25 16:04:37
305;Contec;Air Support Attaché;unique;499;822;                  ;Hartje;0;0;N;actif;18;2021-05-25 16:09:29;2021-05-25 16:09:29
306;SRAM;Attache rapide chaine 9v;unique;766;1405;                  ;Hartje;0;0;N;actif;22;2021-05-25 16:22:08;2021-05-25 16:22:08
307;Hartje;Mini sonnette;unique;101;145;                  ;Hartje;0;0;N;actif;40;2021-05-25 17:08:13;2021-05-25 17:08:13
308;plaque immatriculation;Support de plaque;unique;6;876;                  ;Vélo boutique;0;0;N;actif;55;2021-05-25 17:11:52;2021-05-25 17:11:52
311;SRAM;Truvativ boulon plateau;unique;117;2231;/;Hartje;0;0;N;actif;47;2021-05-26 10:34:38;2021-05-26 10:34:38
312;SRAM;Protection de manivelle;unique;613;909;                  ;Hartje;0;0;N;actif;60;2021-05-26 10:44:52;2021-05-26 10:44:52
313;Follow me;Standard axe QR;unique;170;24711;                  ;Vélo boutique;0;0;N;actif;59;2021-05-27 16:16:04;2021-05-27 16:16:04
314;Atranvelo;Edge;unique;659;1153;                  ;Hartje;0;0;N;actif;46;2021-05-27 16:21:26;2021-05-27 16:21:26
315;Schwalbe Fat Frank;"Buitenband 26\""";unique;1245;1975;                  ;Accentry;0;0;N;actif;32;2021-05-28 09:46:44;2021-05-28 09:46:44
316;Condor;Klaxon Chrome;unique;35;574;                  ;Hartje;0;0;N;actif;40;2021-05-28 09:54:10;2021-05-28 09:54:10
317;Condor;Posthorn;unique;399;657;                  ;Hartje;0;0;N;actif;40;2021-05-28 09:57:32;2021-05-28 09:57:32
318;Conway;Insert axe traversant Maxle;unique;295;59;                  ;Hartje;0;0;N;actif;45;2021-05-28 11:15:58;2021-05-28 11:15:58
319;Conway;Patte dérailleur eWME/WME;unique;1195;1897;                  ;Hartje;0;0;N;actif;56;2021-05-28 11:20:08;2021-05-28 11:20:08
320;Stronglight;BOSCH 104 MM 4 ARM 42T;unique;1689;2397;                  ;Hartje;1;2;N;actif;47;2021-05-28 11:24:01;2021-05-28 11:24:01
321;Shimano;CS-HG200-9 11-36;unique;1166;1983;                  ;Shimano;2;4;N;actif;48;2021-05-28 11:27:36;2021-05-28 11:27:36
322;KMC;Chaine KMC X9;unique;845;14;                  ;Accentry;0;0;N;actif;22;2021-05-28 11:30:58;2021-05-28 11:30:58
323;Conway;Insert axe traversant Maxle WME;unique;295;59;                  ;Hartje;0;0;N;actif;56;2021-05-28 11:40:04;2021-05-28 11:40:04
324;Conway;Patte dérailleur WME/Xyron/RCL/Cairon SUV;unique;895;1401;                  ;Hartje;0;0;N;actif;56;2021-05-28 11:43:06;2021-05-28 11:43:06
325;Contec;CBP-540;unique;799;1322;                  ;Hartje;0;0;N;actif;21;2021-05-28 12:18:15;2021-05-28 12:18:15
326;Altinnova;Alteo Parco;unique;370;500;Support vélo équipé d’une borne de recharge pour vélo à assistance électrique (VAE);Altinnova;0;0;Y;actif;64;2021-05-31 10:43:20;2021-05-31 10:43:20
327;Norco;Ottawa Mini;unique;559;831;                  ;Hartje;0;0;N;actif;1;2021-05-31 13:56:26;2021-05-31 13:56:26
328;Norco;Ohio Road;unique;819;1219;                  ;Hartje;0;0;N;actif;1;2021-05-31 13:58:42;2021-05-31 13:58:42
329;Harje;"24\"" : 1.75 - 2.25";unique;259;574;-;Hartje;0;0;N;actif;16;2021-05-31 14:12:15;2021-05-31 14:12:15
330;Shimano;10v - RD-M6000 shadow+;unique;4179;5946;-;Hartje;0;0;N;actif;65;2021-06-01 16:31:39;2021-06-01 16:31:39
331;Hartje;24\'\';unique;259;574;/;Hartje;0;0;N;actif;16;2021-06-02 13:22:56;2021-06-02 13:22:56
332;Victoria;Victoria 40 mm;unique;1095;1818;-;Hartje;0;0;N;actif;46;2021-06-02 14:46:19;2021-06-02 14:46:19
333;Schwalbe;"Hurricane 26\"" - 2.1";unique;1697;2719;-;Hartje;0;0;Y;actif;32;2021-06-02 15:58:19;2021-06-02 15:58:19
334;Schwalbe;G-One Speed 27.5x1.2;unique;2055;3463;/;Hartje;0;0;N;actif;32;2021-06-03 10:55:39;2021-06-03 10:55:39
335;Schwalbe;Big Ben 26 x 2.15;unique;1027;1727;/;Hartje;0;0;N;actif;32;2021-06-03 10:59:59;2021-06-03 10:59:59
336;Continental;Gravity 28 x 2.3;unique;999;1479;/;Hartje;0;0;N;actif;32;2021-06-03 11:02:36;2021-06-03 11:02:36
337;Kenda;K197;unique;6;988;/;Hartje;0;0;N;actif;32;2021-06-03 11:06:03;2021-06-03 11:06:03
338;Thule;Yepp Nexxxt Maxi Universal Mount black;unique;872;1157;Siège enfant avec fixation universelle pour porte bagage;Hartje;1;2;Y;actif;11;2021-06-04 10:40:58;2021-06-04 10:40:58
339;Bosch;Aimant;unique;541;832;/;Magura;0;0;N;actif;57;2021-06-07 15:43:49;2021-06-07 15:43:49
341;Basil;Wanderlust double;unique;20;3306;-;Hartje;0;0;Y;actif;1;2021-06-08 20:46:01;2021-06-08 20:46:01
342;Vredestein Black Panther Xtreme;29x220 TLR Heavy Duty 55-622 Vouwband Zwart;unique;2995;4954;/;Accentry;0;0;N;actif;32;2021-06-09 11:27:40;2021-06-09 11:27:40
343;Shimano;XLC;unique;4;657;/;Accentry;0;0;N;actif;66;2021-06-09 12:07:57;2021-06-09 12:07:57
344;Bosch;Powerpack 400 Wh Rack;unique;36412;52017;-;Magura;0;0;N;actif;43;2021-06-11 10:19:54;2021-06-11 10:19:54
345;Bosch;Powerpack 400 Wh Rack;unique;36412;52017;-;Magura;0;0;Y;actif;43;2021-06-11 10:20:42;2021-06-11 10:20:42
346;Bosch;PowerTube 625 horizontal;unique;52882;75546;-;Magura;0;0;Y;actif;43;2021-06-11 17:25:12;2021-06-11 17:25:12
347;Contec;Bike slinger;unique;2499;4132;-;Hartje;0;0;Y;actif;64;2021-06-12 15:30:52;2021-06-12 15:30:52
348;Shimano;Deore - 10v;unique;3541;4958;/;Shimano;0;0;N;actif;48;2021-06-21 11:45:00;2021-06-21 11:45:00
349;Shimano;Chaine 116 maillons - 9 vitesses;unique;1166;1983;/;Shimano;0;0;N;actif;22;2021-06-21 11:48:30;2021-06-21 11:48:30
350;Shimano;Plateau 36D XT;unique;3615;5784;/;Shimano;0;0;N;actif;47;2021-06-21 11:51:59;2021-06-21 11:51:59
352;Ritchey;XC Pedal black;unique;54;6612;-;ProBikeShop;0;0;Y;actif;49;2021-06-29 15:05:01;2021-06-29 15:05:01
354;Bosch;Commande déportée Intuvia;unique;2726;4193;-;Magura;0;0;N;actif;57;2021-07-02 11:20:05;2021-07-02 11:20:05
355;Abus;Youn-I ACE metallic green matt;L;3998;6607;-;Abus;1;2;Y;actif;3;2021-07-02 11:53:47;2021-07-02 11:53:47
356;Elite;Fly 550 ml noir;unique;339;434;-;Hartje;0;0;Y;actif;28;2021-07-02 12:15:36;2021-07-02 12:15:36
357;M-Wave;Vario side;unique;459;735;-;Hartje;0;0;Y;actif;28;2021-07-02 12:29:23;2021-07-02 12:29:23
421;Shimano;Manette Nexus 7v noir;unique;7;1239;-;Shimano;0;0;N;actif;67;2021-09-16 10:36:02;2021-09-16 10:36:02
359;M-Wave;Remorque à chien;unique;12199;18099;-;Hartje;0;0;Y;actif;59;2021-07-02 15:42:42;2021-07-02 15:42:42
360;Bosch;Intuvia ecran;unique;65;100;-;Magura;0;0;Y;actif;57;2021-07-07 15:04:58;2021-07-07 15:04:58
361;Sunrace;Galet 12 dents;unique;1009;1645;-;Hartje;0;0;Y;actif;67;2021-07-08 15:04:09;2021-07-08 15:04:09
362;XLC;SP-T08 27,2 x 400;unique;95;189;-;Accentry;0;0;N;actif;68;2021-07-12 11:35:33;2021-07-12 11:35:33
363;Maxxis;Crossmark II 29 x 2,25;unique;26;51;-;Accentry;0;0;N;actif;32;2021-07-12 12:46:14;2021-07-12 12:46:14
364;Endura;Singletrack Fleece - Black;S,M,L,XL;4756;7134;"/<br /><br />
";Endura;0;0;N;actif;4;2021-07-13 16:04:20;2021-07-13 16:04:20
366;Sram;chaine 12v Sram GX;unique;17;26;_;Hartje;0;0;N;actif;22;2021-07-19 12:11:54;2021-07-19 12:11:54
367;Sram;Galets de Dérailleur SRAM SX/NX 12v;unique;9;18;-;Hartje;0;0;N;actif;65;2021-07-19 12:14:11;2021-07-19 12:14:11
368;Shimano;SHIMANO Plateau 34T pour FC-E8000;unique;22;35;_;Shimano;0;0;N;actif;47;2021-07-19 12:16:57;2021-07-19 12:16:57
369;Shimano;SHIMANO Plateau 34T pour FC-E8000;unique;22;35;_;Shimano;0;0;N;actif;47;2021-07-19 12:18:19;2021-07-19 12:18:19
370;Conway;GRV;unique;3695;4959;Garde boue pour vélo gravel Conway;Hartje;0;0;Y;actif;39;2021-07-20 08:27:46;2021-07-20 08:27:46
371;Shimano;Adaptateur 4 branches;unique;1986;3636;-;Shimano;0;0;N;actif;47;2021-07-22 15:53:50;2021-07-22 15:53:50
372;KMC;1 V - B1;unique;41;826;-;Hartje;0;0;N;actif;22;2021-07-22 16:02:30;2021-07-22 16:02:30
374;Roland;Carrie me;unique;310;39256;Remorque plateau modulaire de 60 x 80 cm;Hartje;0;0;Y;actif;59;2021-07-30 10:04:23;2021-07-30 10:04:23
375;Roland;Jeu de parois;unique;139;21487;Parois pour remorque carrie me;Hartje;0;0;Y;actif;59;2021-07-30 10:06:30;2021-07-30 10:06:30
376;Roland;Bache;unique;329;4957;Bache pour remorque Roland carrie me;Hartje;0;0;Y;actif;59;2021-07-30 10:08:42;2021-07-30 10:08:42
377;Weber;"Attelage \""E\""";unique;245;3876;Fixation attelage remorque Roland carrie me pour e bike;Hartje;0;0;Y;actif;59;2021-07-30 10:13:30;2021-07-30 10:13:30
378;Contec;Waterproof 24 yellow;unique;275;4541;Pas d\\\'accroche pour pour bagage;Hartje;0;0;Y;actif;1;2021-08-01 18:50:39;2021-08-01 18:50:39
379;Ahooga;"20\"" - Front wheel ";unique;100;16529;Roue avant complete;Ahooga;0;0;N;actif;63;2021-08-02 09:21:17;2021-08-02 09:21:17
380;Shimano;Galets de dérailleur Shimano RD-M8000;unique;10;21;_;Shimano;0;0;N;actif;65;2021-08-02 12:34:11;2021-08-02 12:34:11
381;Shimano;Galets de dérailleur Shimano RD-M8000;unique;10;21;_;Shimano;0;0;N;actif;65;2021-08-02 12:35:55;2021-08-02 12:35:55
382;Shimano;27.5 - DEORE XT WH-M8100-TL-R12-B-275 CENTER LOCK;unique;14558;18925;Roue arrière;Shimano;0;0;Y;actif;63;2021-08-02 17:04:01;2021-08-02 17:04:01
383;Shimano;27.5 - DEORE XT WH-M8100-TL-F15-B-275 CENTER LOCK;unique;12714;16528;Roue avant;Shimano;0;0;Y;actif;63;2021-08-02 17:17:37;2021-08-02 17:17:37
394;Ergotec;SP-10.0;unique;325;495;Diametre 31.6 mm et suspension de 45 mm;Hartje;0;0;Y;actif;68;2021-08-06 14:37:43;2021-08-06 14:37:43
395;Shimano;12 V (10-51) CS-M7100;unique;7674;10742;-;Shimano;0;0;Y;actif;48;2021-08-16 18:18:12;2021-08-16 18:18:12
396;Shimano;203 mm SM-RT86 - 6 bolt;unique;3541;4958;-;Shimano;0;0;Y;actif;33;2021-08-16 18:49:50;2021-08-16 18:49:50
397;DT Swiss;"27.5\"" H1900 Spline 30 rear";unique;1472;19082;-;Accentry;0;0;Y;actif;63;2021-08-16 18:54:22;2021-08-16 18:54:22
398;DT Swiss;"27.5\"" H1900 Spline 30 front";unique;1127;14619;-;Accentry;0;0;Y;actif;63;2021-08-16 18:57:19;2021-08-16 18:57:19
399;Continental;27.5 - 2.2 - Speed king II;unique;336;4297;-;Accentry;0;0;Y;actif;32;2021-08-16 19:00:15;2021-08-16 19:00:15
400;Schwalbe;27.5 x 2.25 Hurricane;unique;135;214;-;Hartje;0;0;Y;actif;32;2021-08-19 19:10:59;2021-08-19 19:10:59
401;Shimano;CS-HG50-10 11-36;unique;243;4131;-;Shimano;0;0;N;actif;48;2021-08-25 14:33:54;2021-08-25 14:33:54
402;Shimano;RT-MT900 140;unique;4722;661;-;Shimano;0;0;N;actif;33;2021-08-25 14:37:09;2021-08-25 14:37:09
403;Shimano;RD-M360-SGS 8/7 vitesses;unique;1597;2899;-;Shimano;0;0;N;actif;65;2021-08-25 14:42:25;2021-08-25 14:42:25
406;Galfer;FD496G1053 105 Ultegra DuraAce;unique;71;1232;-;Bike2Be;0;0;N;actif;21;2021-08-25 14:52:12;2021-08-25 14:52:12
410;Deda;Guidoline noir;unique;565;991;-;Tehava;0;0;N;actif;20;2021-08-26 12:38:30;2021-08-26 12:38:30
408;Schwalbe;Schwalbe Marathon Plus MTB 27.5;unique;2575;3793;-;Accentry;0;0;N;actif;32;2021-08-25 14:58:19;2021-08-25 14:58:19
409;Schwalbe;SCHWALBE Hurricane 27.5;unique;135;214;-;Hartje;0;0;N;actif;32;2021-08-25 15:02:25;2021-08-25 15:02:25
411;Supacaz;Guidoline single color noir;unique;20;3304;-;Tehava;0;0;N;actif;20;2021-08-26 12:40:13;2021-08-26 12:40:13
412;Schwalbe;29 x 2.25 - Hurricane;unique;135;214;-;Hartje;0;0;Y;actif;32;2021-09-01 22:20:50;2021-09-01 22:20:50
413;Polysport;Guppy;unique;462;7434;Siège enfant 20 à 35 kg;Hartje;0;0;Y;actif;11;2021-09-13 14:43:29;2021-09-13 14:43:29
414;Bibike;Junior +;unique;5399;7685;Siège enfant 20 à 35 kg;Hartje;0;0;Y;actif;11;2021-09-13 14:45:35;2021-09-13 14:45:35
415;Axa;Blueline 80mm;unique;649;988;/;Hartje;0;0;N;actif;38;2021-09-15 15:53:43;2021-09-15 15:53:43
416;Trelock;LS 740 I-GO Vector;unique;1399;2223;/;Hartje;0;0;N;actif;38;2021-09-15 16:03:27;2021-09-15 16:03:27
417;Steco;fixation pour porte bagage;unique;1685;2723;/;Hartje;0;0;N;actif;44;2021-09-15 16:06:45;2021-09-15 16:06:45
418;Ursus;Double leg - Jumbo Evo;unique;2269;355;/;Hartje;0;0;N;actif;46;2021-09-15 16:29:31;2021-09-15 16:29:31
419;Schwalbe;"Marathon + MTB 29\"" x 2,10";unique;2599;3793;/;Hartje;0;0;N;actif;32;2021-09-15 16:33:25;2021-09-15 16:33:25
422;Contec;Air support pocket black;unique;999;1649;Pompe pour cadre avec flexible jusque 7 bar;Hartje;0;0;Y;actif;18;2021-09-20 22:21:18;2021-09-20 22:21:18
423;Abus;Montrailer MIPS orange;M;52;13219;-;Abus;0;0;Y;actif;3;2021-09-20 22:28:56;2021-09-20 22:28:56
424;Schwalbe;Démonte-pneus;unique;25;405;-;Hartje;0;0;Y;actif;23;2021-09-20 22:39:36;2021-09-20 22:39:36
425;Endura;Strike glove black;S,M,L,XL;224;3718;Waterproof ;Endura;0;0;Y;actif;34;2021-09-21 08:31:56;2021-09-21 08:31:56
426;Endura;Strike glove yellow;S,M,L,XL;224;3718;Waterproof;Endura;0;0;Y;actif;34;2021-09-21 08:33:19;2021-09-21 08:33:19
427;Contec;Cartouches CO2 16g (5 unités);unique;65;107;-;Hartje;0;0;Y;actif;18;2021-09-21 22:39:22;2021-09-21 22:39:22
428;Contec;"Pompe à cartouche CO2 &quot;inflator micro&quot;";unique;899;1483;-;Hartje;0;0;Y;actif;18;2021-09-21 22:43:15;2021-09-21 22:43:15
429;Sigma;Buster 700;unique;3885;5781;"Lampe avant sur batterie, recharge via USB. <br /><br /><br />
700 lumen";Accentry;0;0;Y;actif;37;2021-09-22 19:27:51;2021-09-22 19:27:51
430;Axa;"feu arrière LED à batterie \""Greenline\""";unique;766;1153;Charge via USB;Hartje;0;0;Y;actif;38;2021-09-22 20:11:21;2021-09-22 20:11:21
431;Sigma;Buster 2000 HL;unique;139;16525;Durée d\\\'éclairage : 2,5 h (mode high power), 5 h (mode power), 10 h (mode standard), 20 h (mode éco), 9 h (flash), 11 h (pulse), 10 h (SOS-flash), portée d\\\'éclairage : 200 m, temps de charge : 5 h, 7 modes d\\\'éclairage, bloc de piles avec indicateur de charge à 4 niveaux pour la batterie et la recharge et un port USB pour charger d\\\'autres appareils, support amovible, réglable avec fonction Slide, montage sans outil , avec support pour casque, adaptateur pour support action cam, télécommande sans fil avec support, chargeur, rallonge et bloc de piles;Hartje;0;0;Y;actif;37;2021-09-22 20:20:04;2021-09-22 20:20:04
432;F-lite;"cagoule \""Seamless Balaclava\""";S/M,M/L;1099;1897;-;Hartje;0;0;Y;actif;4;2021-09-22 20:30:40;2021-09-22 20:30:40
433;Endura;Pro SL WinterCap;S/M,L/XL;199;3305;-;Endura;0;0;Y;actif;4;2021-09-22 20:32:26;2021-09-22 20:32:26
434;Endura;Overshoe urban luminite;S,M,L,XL;224;3718;-;Endura;0;0;N;actif;4;2021-09-22 21:44:13;2021-09-22 21:44:13
435;VK international;Housse de protection Ebike;unique;1959;2888;-;Hartje;0;0;Y;actif;70;2021-09-22 22:27:36;2021-09-22 22:27:36
436;Hock;Protection Rainbow;unique;2149;3132;Protection pluie pour enfant et siège;Hartje;0;0;Y;actif;11;2021-09-22 22:42:22;2021-09-22 22:42:22
437;Bobike;Repose pieds;unique;479;698;-;Hartje;0;0;Y;actif;11;2021-09-22 22:47:43;2021-09-22 22:47:43
438;Trelock;set d\\\'éclairage LED à batterie LS 300 / LS 740;unique;2799;4289;"phare avant LED: 30 lux, homologation allemande, 2 modes d\\\'éclairage, autonomie 12h, portée d\\\'éclairage de 45m, visibilité de 2750m, éclairage latéral, écran Full Control<br /><br />
feu arrière LED: homologation allemande, autonomie 10h, visibilité de 500m, éclairage latéral, indicateur de charge des piles";Hartje;0;0;Y;actif;37;2021-09-27 17:27:03;2021-09-27 17:27:03
439;Trelock;Phare avant LED à batterie LS 300 I-GO Vector 30;unique;1999;305;Autonomie : jusqu\\\'à 12 h, 2 modes d\\\'éclairage, champ de vision de 45 m, visibilité de 2 750 m, éclairage latéral, contrôle du niveau de la batterie par barre LED, écran Full Control, avec câble de charge USB et support sans outil;Hartje;0;0;Y;actif;37;2021-09-27 17:32:01;2021-09-27 17:32:01
440;Axa;Antivol de cadre Solid Plus;unique;1499;2475;Passage de pneu : 58 mm, anse en acier trempé, cylindre à protection anti-perçage, poussoir ergonomique, sécurité enfant, service clés, 670 g, niveau de sécurité AXA : 11 (de 15);Hartje;0;0;Y;actif;2;2021-09-27 17:45:47;2021-09-27 17:45:47
441;Axa;Chaine enfichable RLC Plus;unique;1499;2475;"Maillons en acier trempé, boulon Ø 10 mm, revêtement en nylon, niveau de sécurité AXA : 15 (de 15)<br /><br />
100 cm de long";Hartje;0;0;Y;actif;2;2021-09-27 17:52:15;2021-09-27 17:52:15
442;Sunn;patte de dérailleur D239;unique;326;4132;-;Soshanger;0;0;N;actif;56;2021-09-28 13:53:49;2021-09-28 13:53:49
443;Magura;8.S, Sport;unique;1034;1672;Vert, pour freins MT, 4 pistons, 4 plaquettes, incl. 2 vis, marquage ECE;Magura;0;0;N;actif;21;2021-09-29 15:46:30;2021-09-29 15:46:30
444;Magura;8.P, Performance;unique;1189;1924;Gris, pour freins MT, 4 pistons, 4 plaquettes, incl. 2 vis;Magura;0;0;N;actif;21;2021-09-29 15:49:47;2021-09-29 15:49:47
445;Magura; 8.R, Race;unique;1551;2513;Pour freins MT, 4 pistons, 4 plaquettes, incl. 2 vis ;Magura;0;0;N;actif;21;2021-09-29 15:54:38;2021-09-29 15:54:38
446;Bosch;Support d\\\'écran kiox;unique;1087;1672;Support de fixation potence;Magura;0;0;N;actif;57;2021-09-29 15:57:32;2021-09-29 15:57:32
447;Bosch;Kit de post-équipement Kiox;unique;13601;20924;anthracite, Câble 1 500 mm, Support d\\\'écran, Commande déportée, instructions de montage et d\\\'utilisation;Magura;0;0;N;actif;57;2021-09-29 17:25:59;2021-09-29 17:25:59
448;Bosch;Aimant disque 6 trous (BDU3XX, BDU4XX);unique;541;832;adapté au capteur de vitesse SlimLe bon fonctionnement n\\\'est garanti qu\\\'avec l\\\'aimant d\\\'origine !;Magura;0;0;N;actif;57;2021-09-29 17:37:01;2021-09-29 17:37:01
449;Galfer;203 mm center lock;unique;295;4876;-;Bike2Be;0;0;N;actif;33;2021-10-04 19:53:05;2021-10-04 19:53:05
450;Monckeys sauce;All conditions lube 150ML;unique;645;1074;"MONKEYS SAUCE ALL CONDITION LUBE<br /><br /><br />
FOR EVERY CONDITION OF RIDE ! MADE FOR MTB";Bike2Be;3;5;Y;actif;12;2021-10-04 19:59:05;2021-10-04 19:59:05
451;Monkeys sauce;Liquide Tubeless 250 ML;unique;645;1066;-;Bike2Be;0;0;Y;actif;26;2021-10-04 20:14:39;2021-10-04 20:14:39
452;Shimano;10 et 12 dents pour cassette 12V;unique;1201;2189;-;Shimano;0;0;N;actif;69;2021-10-04 20:21:33;2021-10-04 20:21:33
453;Shimano;12 V (10-51) CS-M6100;unique;6319;10743;-;Shimano;0;0;N;actif;48;2021-10-04 20:30:56;2021-10-04 20:30:56
454;FSA;17 dents Bosch Gen 3;unique;992;20;-;Codagex;0;0;N;actif;47;2021-10-06 09:37:53;2021-10-06 09:37:53
455;FSA;38 dents diamètre 104 acier;unique;1323;1868;-;Codagex;0;0;N;actif;47;2021-10-06 09:44:13;2021-10-06 09:44:13
456;FSA;18 dents déport 2.5 mm Bosch gen3;unique;992;20;-;Codagex;0;0;N;actif;47;2021-10-06 10:48:38;2021-10-06 10:48:38
457;FSA;36 dents diamètre 104 acier;unique;1496;2612;-;Codagex;0;0;N;actif;47;2021-10-06 10:51:49;2021-10-06 10:51:49
458;FSA;Vis cheminée 5 mm ML137;unique;756;124;Vendu par 4;Codagex;0;0;N;actif;47;2021-10-06 11:13:22;2021-10-06 11:13:22
459;Axa;Cadenas roue arrière Solid plus;unique;1499;2475;Certification ART**, passage de pneu : 58 mm;Hartje;0;0;N;actif;2;2021-10-18 10:02:12;2021-10-18 10:02:12
460;Supernova;Fixation HBM pour cintre 35 mm;unique;1812;2513;-;Magura;0;0;N;actif;37;2021-10-18 14:32:04;2021-10-18 14:32:04
461;BUSCH & MÜLLER;Lumotec Lyt B;unique;1649;2223;"20 lux, éclairage de proximité, visibilité latérale, avec homologation allemande<br />
Design compact, catadioptre intégré, avec double câble";Hartje;0;0;N;actif;37;2021-10-21 15:38:09;2021-10-21 15:38:09
462;SPANNINGA;Brasa XB;unique;999;1479;"1 LED rouge haute technologie, autonomie jusqu\\\'à 100 h, avec affichage d\\\'état des piles, pour distance entre les vis de 50 ou 80 mm, avec technologie Light-Line, avec 2 piles mignon AA/LR6<br /><br />
<br /><br />
";Hartje;0;0;N;actif;38;2021-10-21 15:39:36;2021-10-21 15:39:36
463;CONTEC;CBB-100;unique;999;1649;"Emballé pour le libre-service, carré, filetage BSA (1,37\"")<br />
Convient pour 68 mm de largeur du boîtier, avec cuvettes en aluminium, axe en acier, 280 g";Abus;0;0;N;actif;71;2021-10-21 15:43:57;2021-10-21 15:43:57
464;HESLING;Velo;unique;309;492;"Fixation 2 points avant, sans vis<br />
<br />
";Hartje;0;0;N;actif;72;2021-10-21 15:50:39;2021-10-21 15:50:39
465;HESLING;Velo;unique;76;1215;"Emballé pour le libre-service, 1 aile, en plastique<br />
Noir, pour Bosch Gen.3";Hartje;0;0;N;actif;72;2021-10-21 15:51:36;2021-10-21 15:51:36
466;Contect;Brut 35;unique;125;2062;"Emballé pour le libre-service, 1\""1/8, angle de +35°, noir anodisé, sablé<br />
VTT, Ahead, en aluminium 6061 forgé à froid, ouvrable, vis de serrage en acier affiné, EN MTB STANDARD<br />
";Abus;0;0;N;actif;73;2021-10-21 15:57:29;2021-10-21 15:57:29
467; ;Acompte;unique;0;0;"<br />
<br />
";Abus;0;0;N;actif;74;2021-10-21 16:11:08;2021-10-21 16:11:08
468;Abus;Pedelec 2.0 ACE velvet black;S,M,L;9973;17351;Casque pour speedpedelec avec visière et protection des oreilles;Abus;0;0;Y;actif;3;2021-10-29 14:08:31;2021-10-29 14:08:31
469;Endura;Women s Urban Luminite 3 in 1 Jacket II yellow;XS,S,M,L,XL;999;16528;-;Endura;0;0;Y;actif;4;2021-10-29 14:55:35;2021-10-29 14:55:35
470;M wave;Bellectic;unique;719;1074;Sonnette électrique;Hartje;0;0;Y;actif;40;2021-11-02 12:07:46;2021-11-02 12:07:46
471;Contec;Pedal reflector;unique;399;661;-;Hartje;0;0;Y;actif;52;2021-11-02 12:11:41;2021-11-02 12:11:41
472;Runlux;Jeu de 5 intravis ;unique;4;661;diamètre 10 mm et largeur minimum interne 7 mm ;Hartje;0;0;Y;actif;47;2021-11-02 12:24:19;2021-11-02 12:24:19
473;Quad lock;Support guidon court;unique;2397;3306;-;Quadlock;0;0;Y;actif;17;2021-11-02 14:17:01;2021-11-02 14:17:01
474;Quad lock;Support guidon long;unique;3597;4959;-;Quadlock;0;0;Y;actif;17;2021-11-02 14:19:16;2021-11-02 14:19:16
475;Quad lock;Support potence;unique;1797;2479;-;Quadlock;0;0;Y;actif;17;2021-11-02 14:22:10;2021-11-02 14:22:10
476;Quad lock;Fixation universelle;unique;897;124;-;Quadlock;0;0;Y;actif;17;2021-11-02 14:25:13;2021-11-02 14:25:13
477;Magura;Plaquettes 9.P, Performance;unique;1034;1736;-;Magura;0;0;Y;actif;21;2021-11-02 18:01:09;2021-11-02 18:01:09
478;Bosch;Fontus 18V;unique;179;25207;-;Magura;0;0;Y;actif;5;2021-11-02 18:04:35;2021-11-02 18:04:35
479;Magura;Patins noirs (UE = 2 sets);unique;1034;1736;-;Magura;0;0;Y;actif;21;2021-11-02 18:06:48;2021-11-02 18:06:48
480;Race face;Ride black;unique;2375;3554;-;LMC Sport;0;0;Y;actif;49;2021-11-02 18:44:01;2021-11-02 18:44:01
481;Fox;MY23 36-38, XL, Black, AM;unique;2529;3719;-;LMC Sport;0;0;Y;actif;39;2021-11-02 18:50:57;2021-11-02 18:50:57
482;Spanninga;Swingo XDO pour dinamo;unique;1649;2479;-;Hartje;0;0;Y;actif;37;2021-11-02 21:49:10;2021-11-02 21:49:10
483;Axa;dynamo 8201;unique;749;124;-;Hartje;0;0;Y;actif;38;2021-11-02 21:52:50;2021-11-02 21:52:50
484;Contec;"LED pour porte-bagage \\\""TL-135\\\"" pour dynamo";unique;475;826;-;Hartje;0;0;Y;actif;38;2021-11-02 21:55:25;2021-11-02 21:55:25
485;Schwalbe;27.5 x 44 Road Cruiser active line;unique;1108;1893;-;Hartje;0;0;Y;actif;32;2021-11-08 15:32:01;2021-11-08 15:32:01
486;Endura;Singletrack glove black;S,M,L,XL;179;2974;-;Endura;0;0;Y;actif;34;2021-11-08 21:20:30;2021-11-08 21:20:30
487;Endura;Women\\\'s Strike Glove Yellow;XS,S,M,L;224;3718;-;Endura;0;0;Y;actif;34;2021-11-09 21:30:46;2021-11-09 21:30:46
488;Supernova;Mini 2 LDM phare pour VAE - 25;unique;903;12521;Avec accessoire disponible pour cintre 35mm;Magura;0;0;Y;actif;37;2021-11-09 21:35:50;2021-11-09 21:35:50
489;Abus;Scraper 3.0 ERA shiny black M;M,L;4748;826;-;Abus;0;0;Y;actif;3;2021-11-12 11:32:47;2021-11-12 11:32:47
490;Elvedes;Durite Shimano avec Banjo;unique;1335;2223;compatible avec SM-BH 90, 2000mm, avec raccord Banjo;Hartje;0;0;Y;actif;58;2021-11-16 16:05:26;2021-11-16 16:05:26
491;Hebie;Viper S;unique;188;2888;"26\\\"" à 29\\\"", 65 mm de large, en plastique<br /><br />
Avec tringle curVIP, résistant à la torsion, avec matériel de fixation et collier de serrage pour tube de selle";Hartje;0;0;Y;actif;39;2021-11-16 16:19:54;2021-11-16 16:19:54
492;Ergotec;high crab 2;unique;1375;2459;70mm de long, longueur effective: 50mm, hauteur effective: 30mm;Hartje;0;0;Y;actif;73;2021-11-16 16:40:35;2021-11-16 16:40:35
493;Connex;900;unique;141;2393;"Chaine 9v<br /><br />
114 maillons avec attache rapide";Hartje;0;0;Y;actif;22;2021-11-16 16:54:58;2021-11-16 16:54:58
494;Shimano;CS-M7000;unique;5607;785;SLX cassette 11S   11-46;Shimano;0;0;Y;actif;48;2021-11-17 16:59:27;2021-11-17 16:59:27
495;Shimano;Pignon de cassette VTT SHIMANO 18T 12V;unique;24;503;"pignon cassette 18 t 12v<br />
";Shimano;0;0;N;actif;48;2021-11-17 17:09:04;2021-11-17 17:09:04
496;shimano;FC M8000;unique;573;1074;kit vis cheminée M8*9;Abus;0;0;N;actif;45;2021-11-17 17:16:45;2021-11-17 17:16:45
497;SRAM;eagle;unique;1255;2479;"Pour PG-1230 et PG-1210<br />
<br />
set de pignons, 11-13-15 dents, avec anneau de fermeture";Hartje;0;0;N;actif;69;2021-11-19 16:03:16;2021-11-19 16:03:16
498;SRAM;11v   11/42;unique;5556;843;cassette 11V ;Abus;0;0;N;actif;48;2021-11-19 16:09:10;2021-11-19 16:09:10
499;Shimano;Alivio;unique;25;4128;"SHIMANO moyeu à cassette \""Alivio\"" FH-MT400 modèle19<br />
Emballé pour le libre-service, pour axe traversant 12mm, logement pour frein à disque Center Lock, 8/9/10/11 vitesses, 11 vitesses uniquement pour VTT<br />
<br />
32 trous, noir, 148mm de longueur de l\'axe";Hartje;0;0;N;actif;63;2021-11-19 16:19:29;2021-11-19 16:19:29
500;Michelin;Dynamics sport;unique;869;1446;"MICHELIN pneu \""Dynamic Sport\"" Access Line<br />
Tringles rigides, 30TPI, robuste et performant, choix de couleurs attractif<br />
<br />
23-622 (700 x 23C), noir, 290g";Hartje;0;0;N;actif;32;2021-11-22 09:41:19;2021-11-22 09:41:19
501;tip top;original;unique;45;87;Bordée d\'une double denture, liaison parfaite avec la chambre à air et une compensation parfaite de dilatation grâce à la vulcanisation à froid et une jonction sans rebord;Hartje;0;0;N;actif;27;2021-12-01 14:55:24;2021-12-01 14:55:24
502;tip top;repair kit;unique;145;207;Pour chambres à air, 4 rustines F1 (0.355.101/7), 1 rustine F2 (0.355.121/5), 1 liquide vulcanisant (0.355.181/9), 1 papier de verre, 1 tuyau pour valve;Hartje;0;0;N;actif;27;2021-12-01 15:00:32;2021-12-01 15:00:32
503;Continental;demonte pneu;unique;6;74;demonte pneu;Hartje;0;0;N;actif;32;2021-12-01 15:05:57;2021-12-01 15:05:57
504;Hazet;2100-6;unique;265;26;Version courte, DIN ISO 2936, chrome vanadium, nickelé;Abus;0;0;N;actif;23;2021-12-01 15:14:25;2021-12-01 15:14:25
505;Hazet;2100 5;unique;26;256;Version courte, DIN ISO 2936, chrome vanadium, nickelé;Hartje;0;0;N;actif;23;2021-12-01 15:16:55;2021-12-01 15:16:55
506;bobike;urban black;unique;5399;7685;"Arrière, pour enfants de 5 à 10 ans, d\'un poids de 20 à 35 kg<br />
Avec repose-pieds réglables, avec support (0.326.539/4), le siège est tout de suite transformable en un dispositif de transport pratique pour vos achats en repliant le dossier, avec ceinture de sécurité";Hartje;0;0;N;actif;11;2021-12-01 16:35:59;2021-12-01 16:35:59
507;bobike;urban black junior plus;unique;5399;7685;"Arrière, pour enfants de 5 à 10 ans, d\'un poids de 20 à 35 kg<br />
Avec repose-pieds réglables, avec support (0.326.539/4), le siège est tout de suite transformable en un dispositif de transport pratique pour vos achats en repliant le dossier, avec ceinture de sécurité";Hartje;0;0;N;actif;11;2021-12-01 16:55:25;2021-12-01 16:55:25
508;Abus;Montrailer MIPS black velvet;M,L;52;13219;-;Abus;0;0;Y;actif;3;2021-12-07 11:47:25;2021-12-07 11:47:25
509;Conway;boulons amortisseur;unique;1495;2475;boulonnerie pour amortissement;Hartje;0;0;N;actif;45;2021-12-09 10:04:25;2021-12-09 10:04:25
510;Conway;garde boue VTC 28;unique;1895;2888;garde boue CONWAY VTC;Hartje;0;0;N;actif;39;2021-12-09 10:07:34;2021-12-09 10:07:34
511;Ahooga;Vincita Denim Backpack;unique;45;7355;-;Ahooga;0;0;Y;actif;1;2021-12-10 09:44:06;2021-12-10 09:44:06
512;Sram;galet dérailleur GX 12v;unique;0;314;set galets dérailleur arrière SRAM EAGLE GX12V;Accentry;0;0;N;actif;67;2021-12-10 09:46:27;2021-12-10 09:46:27
513;Shimano;CN E6090-10;unique;2995;4955;Conçu pour être utilisé avec les transmissions SHIMANO STEPS E-BIKE 10 vitesses, le SHIMANO E6090-10 reçoit le traitement SIL-TEC sur son axe et ses plaques pour une durabilité accrue.;Hartje;0;0;Y;actif;22;2021-12-10 09:53:55;2021-12-10 09:53:55
514;Shimano;B03S resine;unique;333;744;-;Shimano;0;0;N;actif;21;2021-12-10 15:55:09;2021-12-10 15:55:09
515;Raceface;Aeffects;unique;6534;9752;pédales raceface Aeffects black;LMC Sport;0;0;N;actif;49;2021-12-13 10:48:44;2021-12-13 10:48:44
516;Galfer;centerlock adaptater;unique;1195;1975;adaptateur centerlock;Bike2Be;0;0;N;actif;33;2021-12-13 14:16:59;2021-12-13 14:16:59
517;galfer;180*2;unique;24;3967;disque de freins galfer 180*2;Bike2Be;0;0;N;actif;33;2021-12-13 14:20:18;2021-12-13 14:20:18
518;Bike43;Child seat;unique;5369;6198;Siège enfant pour vélo Bike43;Bike43;0;0;N;actif;11;2021-12-17 11:39:18;2021-12-17 11:39:18
519;Bike43;Low Rider;unique;7218;10736;Accroche afin de pouvoir mettre des sacoches sous les sièges enfants;Bike43;0;0;N;actif;44;2021-12-17 11:41:39;2021-12-17 11:41:39
520;Shimano;CN-E8000-11 HG-X11 E-BIKE DESIGN - 138M;unique;3541;4958;-;Shimano;0;0;Y;actif;22;2021-12-21 09:53:03;2021-12-21 09:53:03
521;Bosch;Compact Charger UE;unique;4861;10331;-;Magura;0;0;N;actif;15;2021-12-21 14:05:45;2021-12-21 14:05:45
522;Moustache;Frida 33l;unique;2368;3719;"Notre caisse de transport est le partenaire idéal pour vos déplacements du quotidien. Originale et pratique grâce à son système de montage rapide MIK, elle se fixera avec aisance à l\\\'arrière ou à l\\\'avant* de votre vélo. Démontable en un clic, vous pouvez facilement stocker cette caisse empilable, qui de plus ne craint pas la pluie et se nettoie facilement.<br /><br />
Le système MIK est orientable (2 positions) et vous permet de fixer Frida sur votre vélo selon vos besoins.";Moustache;0;0;Y;actif;8;2022-01-03 15:18:55;2022-01-03 15:18:55
523;Moustache;Magnum;unique;595;9835;"Ce porte-bagages avant développé par Moustache pour le Lundi 20, offre un design utilitaire et un look … discret comme une voiture rouge ou une chemise à fleurs ! Vous pourrez tout transporter à l’avant de votre vélo cargo.<br /><br />
Avec sa plateforme large et robuste il vous offre une capacité de charge allant jusqu\\\'à 15 kg. Fixez en un clic vos accessoires compatibles MIK ou bien attachez vos cartons ou caisses EURO au format standard jusqu’à 40 x 30 cm.<br /><br />
Ça va déménager !";Moustache;0;0;Y;actif;35;2022-01-03 15:27:10;2022-01-03 15:27:10
524;Moustache;siege enfant urban iki 22kg;unique;5211;8182;"Installez en toute sécurité votre progéniture à l’arrière de votre Lundi 20, elle sera confortablement assise comme dans un cocon solide et doux à la fois. Dès 9 mois et jusqu’à ses 6 ans, mini-vous pourra grandir et ajuster les bretelles réglables à sa taille.<br /><br /><br />
Et quand l’enfant est « sagement » déposé à l’école le matin, détachez facilement le siège en un clic et récupérez ainsi votre porte-bagages pour vos autres aventures de la journée !";Moustache;0;0;Y;actif;11;2022-01-03 15:31:03;2022-01-03 15:31:03
525;Moustache;siege passager 70kgs seat  pad;unique;5211;8182;"Installez en toute sécurité votre progéniture à l’arrière de votre Lundi 20, déposer votre ado quelque part ou dépannez un collègue le midi… votre passager sera confortablement assis, dossier relevé ou baissé pour une assise plus large et confortable selon sa taille. Dès 5 ans et jusque 70 kg maximum, vous aurez la sensation d’être chauffeur tuk-tuk le temps d’une course ;-{D<br /><br />
Et si vous transportez un petit bout également à l’arrière, celui-ci pourra se tenir au dossier du passager devant lui. De quoi susciter de nouvelles vocations !";Moustache;0;0;Y;actif;11;2022-01-03 15:36:28;2022-01-03 15:36:28
526;Endura;Singletrack II;S/M;3999;6611;"prortection VTT legere<br /><br />
";Endura;0;0;Y;actif;3;2022-01-05 14:54:01;2022-01-05 14:54:01
527;Endura;MT500ghost knee protector;M/L;474;785;genoullière;Endura;0;0;Y;actif;4;2022-01-05 15:10:18;2022-01-05 15:10:18
528;Polisport;Xcape;unique;1295;107;garde boue;Hartje;0;0;Y;actif;39;2022-01-05 15:21:00;2022-01-05 15:21:00
529;union;828;unique;669;107;"Pédale pour vélo électrique, 9/16\\\"", corps en aluminium<br /><br />
Ville / tourisme, large surface antidérapante (non-slip), cage en plastique, avec catadioptres";Hartje;0;0;Y;actif;49;2022-01-05 15:32:29;2022-01-05 15:32:29
530;Polisport;Xcape;unique;38;413;garde boue avant;Hartje;0;0;N;actif;39;2022-01-05 15:40:29;2022-01-05 15:40:29
531;Condura;chambra 28;unique;279;826;chambre 28 valvre Shrader(auto);Hartje;0;0;Y;actif;16;2022-01-05 15:49:45;2022-01-05 15:49:45
532;Schawlbe;marathon racer 18*1.50;unique;2003;1655;marathon racer;Hartje;0;0;Y;actif;32;2022-01-05 16:04:56;2022-01-05 16:04:56
533;Shurmann;quando7V;unique;20;2066;"jante : 19-622, Schürmann, DV, 36 trous, argent<br />
moyeu : Quando 7 vitesses, fixe, pour pignons à visser, axe plein, en aluminium<br />
rayons : 2,00 zinc, 294 / 295 mm<br />
<br />
2,00 zinc<br />
294 / 295mm";Hartje;0;0;N;actif;63;2022-01-05 16:12:14;2022-01-05 16:12:14
534;Veloe;One-side bag;unique;85;11157;A waterproof fabric pannier to create additional space, a multipurpose bag designed for an extra lateral load with a capacity of 53 liter. Add 2 if you want to have on both sides.;Veloe;0;0;N;actif;1;2022-01-10 17:18:54;2022-01-10 17:18:54
535;Veloe;Rear Child Basket + Hooodie soft pad;unique;125;16529;Made for children from 4 years old. After the ‘child seat’ period, kids are ready to sit on the rear of Veloe. Enjoy a comfortable ride with the Hooodie soft pad and the side racks.;Veloe;0;0;N;actif;11;2022-01-10 17:20:51;2022-01-10 17:20:51
537;Veloe;Upper side-rack;unique;78;7025;"These side racks are available in 3 different lengths. The footsteps are necessary when kids are riding with you to rest and their feet.<br />
<br />
We advice to use these side racks from the age of 4. When your kid(s) are 7, we advice to adjust the flat side rack.";Veloe;0;0;N;actif;44;2022-01-10 17:26:58;2022-01-10 17:26:58
538;Sram;RD NX Eagle;unique;6524;10331;"SRAM dérailleur arrière \""NX Eagle\""<br />
12 vitesses, X-Horizon, type 3<br />
Chape en acier, technologie Roller Bearing Clutch pour régler la tension de la chaîne, Cage Lock qui bloque la cage pour un changement de roue facile, 339g<br />
";Hartje;0;0;N;actif;65;2022-01-11 09:39:02;2022-01-11 09:39:02
539;Skyscraper;BSP-20;unique;10;3054;"tige de selle BBB<br />
25.6";Bike2Be;0;0;N;actif;68;2022-01-11 14:29:03;2022-01-11 14:29:03
540;Ergotec;mooncruiser;unique;1495;2459;"610 mm de largeur, en aluminium 6061, Ø 31,8 mm, hauteur de 55 mm<br />
Niveau 4, e-Bike ready correspondant à la classification Safety Level ergotec, emballé pour le libre-service, 60°, longueur poignée de 180 mm, 460 g";Hartje;0;0;N;actif;29;2022-01-11 14:35:49;2022-01-11 14:35:49
541;Ergotec;Buegel stuttgarter;unique;1495;2459;"610 mm de largeur, en aluminium 6061, Ø 31,8 mm, hauteur de 46 mm<br />
Niveau 4, e-Bike ready correspondant à la classification Safety Level ergotec, emballé pour le libre-service, 52°, longueur poignée de 180 mm, 425 g";Hartje;0;0;N;actif;29;2022-01-11 14:39:20;2022-01-11 14:39:20
542;Contec;Travel waterproof;unique;2999;4955;Sacoche waterproof 20 L;Hartje;0;0;Y;actif;1;2022-01-11 15:00:34;2022-01-11 15:00:34
543;Basil;Tour single bag. droite;unique;195;3222;"Volume : 17 l, dimensions (Lxl.xH) : 33 x 14 x 33 cm, en polyester 600D, fixation par crochets<br /><br />
Déperlant, rabat avec Soft Filling, renforcé, avec poignée, biseauté, suspension par crochets au porte-bagage, crochets dans poche zippée, double bandes réfléchissantes avant et arrière";Hartje;0;0;Y;actif;1;2022-01-12 10:06:08;2022-01-12 10:06:08
544;Sram;Shifter GX single click;unique;2452;3554;"SRAM manette dérailleur \\\\\\\\\\\\\\\""GX Eagle\\\\\\\\\\\\\\\"" Single Click<br /><br /><br /><br />
12 vitesses, technologie X-Actuation<br /><br /><br /><br />
Levier de vitesse en aluminium, passe une seule vitesse par changement de vitesse, optimisé pour une utilisation sur un vélo électrique, compatible avec MatchMakerX";ProBikeShop;0;0;Y;actif;67;2022-01-13 09:17:36;2022-01-13 09:17:36
545;Sram;dérailleur arrière  GX 12V;unique;732;10744;"SRAM dérailleur arrière \\\&quot;GX-Eagle\\\&quot;&lt;br /&gt;&lt;br /&gt;&lt;br /&gt;
12 vitesses, X-Horizon, type 3&lt;br /&gt;&lt;br /&gt;&lt;br /&gt;
Chape en aluminium, technologie Roller Bearing Clutch pour régler la tension de la chaîne, Cage Lock qui bloque la chape pour un changement simple de roue&lt;br /&gt;&lt;br /&gt;&lt;br /&gt;
&lt;br /&gt;&lt;br /&gt;&lt;br /&gt;
gris lunar, max. 52 dents";ProBikeShop;0;0;Y;actif;65;2022-01-13 09:21:32;2022-01-13 09:21:32
546;Shimano;Alivio RD-M3100-SGS;unique;2369;3467;RD-M3100-SGS. SHIMANO ALIVIO - dérailleur arrière - SHIMANO SHADOW RD - 9 vitesses. Le dérailleur arrière SHIMANO ALIVIO M3100 a un profil bas qui permet un style de conduite plus agressif avec moins d\\\'interruptions, grâce au design SHIMANO SHADOW. Conception à profil bas. Capacité totale: 45T. Max. plus grand pignon: 36T. Vis de réglage;Tehava;0;0;Y;actif;67;2022-01-13 12:17:31;2022-01-13 12:17:31
547;Schawlbe;Hans Dampf super gravity;unique;3859;5446;"HS 491, tringles souples, tubeless easy<br /><br /><br />
Pour vélos électriques jusqu\\\\\\\'à 25 km/h, le pneu a tout ce qui augmente le plaisir d\\\\\\\'enduro. Pour un bon comportement et une haute protection anti-crevaison pour pistes exigeants avec montées et descentes. Dans son ensemble plus agressif, il reste cependant docile dans la limite et donne un feedback optimal du sol. Latéralement très stable et très dynamique dans son comportement.";Tehava;0;0;Y;actif;32;2022-01-13 12:20:49;2022-01-13 12:20:49
548;Contec;DMND 2K;unique;799;1321;Paire, emballé pour le libre-service, en PU et gel, haut de gamme, synthétique. Le mélange de matériaux avec gel améliore le confort, réduit les vibrations et offre une bonne adhérence. Très élastique, grip optimal, lavable, livrée avec 2 embouts de cintre et bandes adhésives pour la fixation, paire;Hartje;0;0;Y;actif;20;2022-01-14 10:26:49;2022-01-14 10:26:49
549;Shimano;CSM8100 14t;unique;193;404;pignon 14t;Shimano;0;0;Y;actif;69;2022-01-14 10:44:44;2022-01-14 10:44:44
550;Shimano;CSM8100 16t;unique;216;445;pignon 16t;Shimano;0;0;Y;actif;69;2022-01-14 10:49:11;2022-01-14 10:49:11
551;Shimano;CS-HG400-9;unique;1458;2479;Cassette 9v shimano HG400-9  11-34;Shimano;0;0;Y;actif;48;2022-01-14 10:55:24;2022-01-14 10:55:24
552;Shimano;Tiagra 10S CN-4601;unique;1555;2644;chaine 10s;Shimano;0;0;Y;actif;22;2022-01-14 11:02:35;2022-01-14 11:02:35
553;Schawlbe;marathon plus 20*1.75;unique;202;3463;pneu marathon plus;Accentry;0;0;Y;actif;32;2022-01-14 11:27:22;2022-01-14 11:27:22
554;Axa;"Chaine \""Linq\"" ART**";unique;3199;4707;100 cm;Hartje;0;0;Y;actif;2;2022-01-15 11:49:37;2022-01-15 11:49:37
555;Mottez;Support 6 trottinettes;unique;205;24793;-;Manutan;0;0;Y;actif;75;2022-01-17 18:39:50;2022-01-17 18:39:50
556;KAMEO;Coffret 5 chargeurs;unique;200;28926;-;Manutan;0;0;Y;actif;53;2022-01-17 19:03:44;2022-01-17 19:03:44
557;Abus;Cadenas 64TI/40 B/DFNLI;unique;484;124;-;Abus;0;0;Y;actif;2;2022-01-17 19:11:40;2022-01-17 19:11:40
558;Thule;Yepp Nexxt Mini;unique;686;1074;Siège enfant avant;Hartje;0;0;Y;actif;11;2022-01-21 10:01:33;2022-01-21 10:01:33
560;BBB;Allroundkit;unique;90;15698;-;Hartje;0;0;N;actif;23;2022-01-27 14:45:42;2022-01-27 14:45:42
561;KAMEO;Kit réparation pour crevaison avec multi-outils;unique;7;1025;Créé spécifiquement pour la province de Liege;Hartje;0;0;N;actif;23;2022-01-27 14:56:49;2022-01-27 14:56:49
562;Abus;Hyban 2.0 LED black matt;unique;5935;10326;-;Abus;0;0;N;actif;3;2022-02-09 19:42:05;2022-02-09 19:42:05
564;Abus;Youn-I ACE Black;L;4273;7434;-;Abus;0;0;N;actif;3;2022-02-21 18:26:42;2022-02-21 18:26:42
